Date,Open,High,Low,Close,Adj Close,Volume,,Day Diff
5/6/2016,268.600006,268.600006,264.899994,265.399994,224.72496,3517836,,
5/9/2016,267.5,274,267,272.700012,230.906174,3509696,,3
5/10/2016,275,275,269.399994,270.100006,228.704651,2748770,,1
5/11/2016,271.799988,272.5,265,265.5,224.809631,3113613,,1
5/12/2016,265,266.799988,261.799988,262.399994,222.184738,3221777,,1
5/13/2016,262,265,260.100006,265,224.386276,4153095,,1
5/16/2016,260.799988,265.899994,260,265.700012,224.978989,2864424,,3
5/17/2016,266,268.799988,260.700012,261.5,221.422684,3078732,,1
5/18/2016,261.5,264.700012,260.399994,264.700012,224.132248,3211206,,1
5/19/2016,262.799988,262.799988,255.399994,255.800003,216.596237,5397685,,1
5/20/2016,257,259.200012,256.399994,257.600006,218.120377,3101022,,1
5/23/2016,258,258.399994,253.5,254,215.072128,3151260,,3
5/24/2016,253.600006,258.399994,252,257.899994,218.374405,4145221,,1
5/25/2016,259.899994,260,254.399994,255,215.918869,2941376,,1
5/26/2016,255,258.299988,254.699997,257.399994,217.95105,2865758,,1
5/27/2016,256.600006,258.899994,256.100006,258.700012,219.051819,2471597,,1
5/30/2016,259,261,257,261,220.999298,1666730,,3
5/31/2016,261.200012,261.899994,255.399994,256,216.76561,3793655,,1
6/1/2016,254.899994,255.199997,250.800003,251.699997,213.124619,2864312,,1
6/2/2016,251.699997,252.600006,249.5,252.199997,213.547989,2666131,,1
6/3/2016,253.5,257,250.600006,253.199997,214.394714,3492322,,1
6/7/2016,255.199997,257,254.899994,256.5,217.188965,2170466,,4
6/8/2016,256.5,256.700012,254.199997,255,215.918869,1866831,,1
6/9/2016,255.300003,255.399994,251.199997,251.199997,212.701248,3282195,,1
6/10/2016,250.300003,251.899994,246.300003,246.699997,208.8909,2898217,,1
6/13/2016,243.899994,245.300003,242.600006,243.800003,206.435349,3092795,,3
6/14/2016,242,243.800003,238.5,242.199997,205.080566,4656331,,1
6/15/2016,243.300003,248.300003,243.199997,247.800003,209.822327,4813535,,1
6/16/2016,244.800003,244.800003,239,239.699997,202.96373,4328068,,1
6/17/2016,241.399994,244.800003,240.199997,244.600006,207.112762,5776566,,1
6/20/2016,249.199997,252.899994,248.399994,252.800003,214.05603,3354786,,3
6/21/2016,252.600006,252.600006,247.300003,250.600006,212.193207,4616078,,1
6/22/2016,253.399994,256.5,246.199997,253.600006,214.733444,5116136,,1
6/23/2016,253,258.100006,252.199997,256.700012,217.358337,4799228,,1
6/27/2016,235,241.699997,234.5,236.600006,200.338837,10010968,,4
6/28/2016,242,243.100006,239.399994,242,204.91124,4340543,,1
6/29/2016,244.899994,246.5,242.199997,246.100006,208.382874,3153420,,1
6/30/2016,246.100006,247.300003,243.199997,246.5,208.721558,3365179,,1
7/1/2016,248.5,252.300003,247.300003,252,213.378647,2667452,,1
7/4/2016,254,254.899994,250.300003,250.800003,212.362549,1762464,,3
7/5/2016,249.399994,250.399994,247.300003,249,210.838425,2408774,,1
7/6/2016,248,250,242.899994,245,207.451431,2746293,,1
7/7/2016,246.800003,250.600006,246.699997,248.600006,210.499725,1832270,,1
7/8/2016,248.199997,254,247.600006,252.899994,214.140701,2210065,,1
7/11/2016,253.699997,259.399994,253.100006,258.799988,219.136459,2542012,,3
7/12/2016,258.799988,259.200012,256.5,258.200012,218.628433,2276178,,1
7/13/2016,258.200012,262.200012,257.299988,260,220.152542,2076845,,1
7/14/2016,260.299988,262.299988,258.100006,258.100006,218.543747,2481156,,1
7/15/2016,258,261.899994,257,260.399994,220.491257,3210140,,1
7/18/2016,260.399994,262.5,258.100006,260,220.152542,2249294,,3
7/19/2016,259.799988,261,258.799988,260.399994,220.491257,1488025,,1
7/20/2016,261.100006,264,260.399994,264,223.539505,2281155,,1
7/21/2016,264.700012,265,260.799988,261.700012,221.592026,1842899,,1
7/22/2016,261.5,261.899994,257.799988,258.700012,219.051819,1817966,,1
7/25/2016,259.5,262,258.899994,259,219.305832,1580836,,3
7/26/2016,260.100006,260.600006,253.699997,257.5,218.035706,2152016,,1
7/27/2016,259.299988,260.100006,256.5,256.799988,217.442993,1474497,,1
7/28/2016,257,259.200012,255.699997,255.699997,216.511581,1383895,,1
7/29/2016,256.399994,259.200012,256,258.5,218.882462,1426352,,1
8/1/2016,259.700012,260.299988,255.600006,256.600006,217.273651,1722463,,3
8/2/2016,256.700012,256.700012,251.300003,251.300003,212.785904,1947201,,1
8/3/2016,251.300003,251.899994,248.5,248.800003,210.669083,1585115,,1
8/4/2016,250.100006,250.5,248.100006,249.5,211.261795,1759920,,1
8/5/2016,252.199997,256.100006,250.800003,255.300003,216.172897,2035889,,1
8/8/2016,256.200012,257,255.100006,255.699997,216.511581,1325993,,3
8/9/2016,255.100006,262.799988,255.100006,262.700012,222.438766,2508112,,1
8/10/2016,261,265.5,259.399994,263.200012,222.862152,2394071,,1
8/11/2016,264.200012,273.200012,263.299988,272.899994,231.0755,3650737,,1
8/12/2016,272.899994,273.799988,271.399994,271.600006,229.974762,2342075,,1
8/15/2016,275.399994,279.899994,275.200012,277.399994,234.885834,3786215,,3
8/16/2016,277.5,277.5,272.700012,273.200012,231.329559,2658162,,1
8/17/2016,273.5,274.700012,266.200012,267.399994,226.418457,2764644,,1
8/18/2016,269,271.299988,268.399994,270.399994,228.958649,1498652,,1
8/19/2016,270.700012,271.5,267.399994,269.700012,228.365967,2317977,,1
8/22/2016,269.899994,271.700012,267.5,268.100006,227.011154,1729145,,3
8/23/2016,269.399994,272.5,268.600006,271.600006,229.974762,1805636,,1
8/24/2016,271,271.5,269,270.5,229.043335,3300349,,1
8/25/2016,269.700012,270.600006,268.5,268.5,227.349869,1268086,,1
8/26/2016,265.899994,265.899994,260,262.299988,222.100052,4214959,,1
8/29/2016,261.5,262.799988,258.799988,261.899994,221.761368,1705777,,3
8/30/2016,263.399994,264.399994,262.299988,262.600006,222.35408,1557205,,1
8/31/2016,261.5,263.100006,261,261,220.999298,2305979,,1
9/1/2016,264.899994,264.899994,261.600006,261.899994,221.761368,2025399,,1
9/2/2016,262.399994,264.899994,262.200012,264.899994,224.30159,2266166,,1
9/5/2016,265.600006,266.700012,265,265.700012,224.978989,1312598,,3
9/6/2016,268,270.299988,267.100006,268.200012,227.095856,1958512,,1
9/7/2016,269.100006,269.600006,267.799988,268.100006,227.011154,2466195,,1
9/8/2016,268.200012,269.100006,265.600006,268.700012,227.519211,2416702,,1
9/9/2016,268.200012,268.200012,263.799988,265,224.386276,2374053,,1
9/12/2016,261.899994,262.399994,258.700012,261.799988,221.676697,2213120,,3
9/13/2016,262.100006,263.5,259.700012,260.600006,220.660614,1949701,,1
9/14/2016,261.100006,261.299988,258.100006,259.200012,219.475174,2331264,,1
9/15/2016,253,253.899994,247.399994,248.100006,210.076355,6299999,,1
9/16/2016,248,249.399994,245,245.699997,208.044174,5269438,,1
9/19/2016,247,248.300003,245.800003,247.600006,209.652985,3062519,,3
9/20/2016,247.600006,247.600006,245.600006,246,208.298187,2014565,,1
9/21/2016,248,250.300003,246.399994,246.800003,208.975601,3033251,,1
9/22/2016,248,250.800003,247.199997,250.399994,212.023849,3021100,,1
9/23/2016,250.399994,250.5,248,248.5,210.415054,1995992,,1
9/26/2016,248.300003,248.300003,243.899994,244.5,207.028076,3910807,,3
9/27/2016,246,248.199997,243.699997,246.899994,209.060257,3165621,,1
9/28/2016,248.100006,249,247.199997,247.699997,209.73764,2474325,,1
9/29/2016,249.300003,251.199997,246.699997,249.100006,210.923096,3083967,,1
9/30/2016,244.600006,252.699997,239.199997,242,204.91124,10191479,,1
10/3/2016,240,242.5,238.199997,242,204.91124,3484261,,3
10/4/2016,242.199997,248,241,247.399994,209.483643,3164472,,1
10/5/2016,246.100006,250.600006,245.100006,249.699997,211.431137,3849547,,1
10/6/2016,251,251.100006,247.199997,250.399994,212.023849,3093239,,1
10/7/2016,249.399994,249.5,245.199997,245.5,207.874817,3232329,,1
10/10/2016,246,252,245,251.399994,212.870605,2965347,,3
10/11/2016,251.300003,252.699997,250.199997,251.199997,212.701248,2929217,,1
10/12/2016,250.800003,257.200012,250.800003,254.699997,215.664825,4153901,,1
10/13/2016,254.5,254.5,250,252.5,213.801987,2949243,,1
10/14/2016,256,259.299988,255.699997,258.5,218.882462,3850900,,1
10/17/2016,258.5,259.299988,252.800003,253.300003,214.479416,3801955,,3
10/18/2016,254.899994,257.5,254.199997,256.600006,217.273651,2674051,,1
10/19/2016,257.200012,257.299988,254.300003,255.5,216.342255,2399587,,1
10/20/2016,255.899994,259.200012,254.699997,259.100006,219.390503,2702922,,1
10/21/2016,259.5,260.299988,257,259.799988,219.9832,2722426,,1
10/24/2016,260.5,262.600006,257.100006,257.100006,217.697021,2390669,,3
10/25/2016,258,258.700012,253.800003,254.699997,215.664825,2203955,,1
10/26/2016,254.899994,256.100006,251.5,254.300003,215.326157,2308786,,1
10/27/2016,254.5,255.800003,252.399994,255.600006,216.42691,2001277,,1
10/28/2016,254.399994,257.399994,253.5,257,217.612335,1931313,,1
10/31/2016,256.399994,256.799988,253.600006,254.100006,215.156799,2558408,,3
11/1/2016,255.199997,257.5,253.899994,253.899994,214.987442,2024526,,1
11/2/2016,253.5,254.399994,250.800003,250.800003,212.362549,2172211,,1
11/3/2016,250.5,256.5,250.5,255.5,216.342255,2466337,,1
11/4/2016,255,255,251.800003,252.5,213.801987,1272900,,1
11/7/2016,254.699997,256.700012,253.399994,255.399994,216.257553,2242248,,3
11/8/2016,256.100006,258.600006,254.600006,258.100006,218.543747,2225443,,1
11/9/2016,251,255.800003,250.300003,255.600006,216.42691,5420524,,1
11/10/2016,257.5,257.5,248.399994,249.399994,211.177094,4389636,,1
11/11/2016,250.899994,254.399994,250.600006,250.699997,212.277893,3520732,,1
11/14/2016,252.800003,257.899994,250.300003,251.600006,213.039932,3953514,,3
11/15/2016,255,263.799988,254.899994,263.600006,223.200851,5005831,,1
11/16/2016,264.299988,264.299988,258.100006,260.100006,220.237259,3026788,,1
11/17/2016,260,268.899994,259.600006,268.299988,227.180496,4049575,,1
11/18/2016,268,272.299988,267.5,270.399994,228.958649,4577889,,1
11/21/2016,271.200012,271.5,265.700012,269.100006,227.85791,2933487,,3
11/22/2016,270.600006,271.899994,268.200012,268.299988,227.180496,2345776,,1
11/23/2016,269.600006,272.799988,267.5,268.700012,227.519211,2454723,,1
11/24/2016,269.299988,270.899994,267.200012,270.299988,228.873978,2137268,,1
11/25/2016,270.299988,271.700012,268.299988,271.700012,230.059418,2010408,,1
11/28/2016,271.299988,271.799988,267.5,267.899994,226.841797,2445774,,3
11/29/2016,268,270.700012,265.700012,268,226.926483,2748768,,1
11/30/2016,267.299988,270.200012,267,267.899994,226.841797,4354038,,1
12/1/2016,267.5,267.5,265,266.100006,225.317688,2421499,,1
12/2/2016,265.200012,265.399994,260,263.700012,223.285522,3683924,,1
12/5/2016,263.700012,268.399994,263.5,267.200012,226.2491,2374151,,3
12/6/2016,267.200012,267.399994,264.700012,265.5,224.809631,2865356,,1
12/7/2016,266.600006,268.100006,265.200012,267.799988,226.757141,3084631,,1
12/8/2016,269.5,270.899994,267.899994,270.899994,229.382034,2815441,,1
12/9/2016,270.600006,276.600006,270.399994,275.899994,233.615738,4067658,,1
12/12/2016,275.899994,276.5,272.700012,274.100006,232.091599,4068260,,3
12/13/2016,273.700012,276.899994,273.600006,276,233.700394,3017140,,1
12/14/2016,276,276.899994,270.399994,271.100006,229.551392,4449261,,1
12/15/2016,259.899994,262.299988,255.5,259.899994,220.067871,11376935,,1
12/16/2016,258.399994,259.899994,256.600006,258.299988,218.713089,7320768,,1
12/19/2016,258.200012,259.299988,257,258.899994,219.221176,3808055,,3
12/20/2016,255.800003,257,254,256,216.76561,5080426,,1
12/21/2016,255.199997,255.600006,251.199997,252.300003,213.63266,3598988,,1
12/22/2016,251.800003,254.300003,251.199997,253.699997,214.8181,2355693,,1
12/23/2016,253.300003,254.899994,252.399994,253.800003,214.902802,1618544,,1
12/27/2016,254,256.200012,253.899994,255.300003,216.172897,1464949,,4
12/28/2016,255,256.899994,254.699997,256.200012,216.934967,1913033,,1
12/29/2016,255.600006,256.200012,254,254.300003,215.326157,1786765,,1
12/30/2016,253.800003,254.300003,251.5,253.399994,214.564056,2980582,,1
1/2/2017,252.800003,255.100006,252.600006,253.600006,214.733444,1459860,,3
1/3/2017,251,252.899994,249.100006,251.600006,213.039932,5082997,,1
1/4/2017,251.100006,251.100006,245.100006,246.899994,209.060257,4312256,,1
1/5/2017,246.5,246.5,243.5,245.199997,207.620804,2005115,,1
1/9/2017,245,246.300003,244.300003,246.199997,208.467529,3547015,,4
1/10/2017,246.800003,247.399994,243.600006,243.699997,206.350693,2828648,,1
1/11/2017,243,244.600006,241.800003,243.300003,206.011993,3537666,,1
1/12/2017,244.100006,248.699997,243.199997,245.5,207.874817,4083536,,1
1/13/2017,246.399994,250,245.699997,249.800003,211.515808,3319873,,1
1/16/2017,243.699997,245.199997,241.100006,242.899994,205.673279,5854510,,3
1/17/2017,242.899994,246,241.399994,245.600006,207.959518,3558027,,1
1/18/2017,245.600006,247,245.100006,245.899994,208.213516,2889547,,1
1/19/2017,245.600006,246.5,243.199997,243.699997,206.350693,2670942,,1
1/20/2017,243.5,244.100006,241.399994,242.199997,205.080566,3663865,,1
1/23/2017,241.199997,241.300003,234.100006,234.600006,198.645355,6529672,,3
1/24/2017,235,235.800003,232.899994,235,198.984055,3608906,,1
1/25/2017,236.600006,241,235.5,240.199997,203.387085,3612282,,1
1/26/2017,236.199997,237.399994,234.399994,235,198.984055,6196616,,1
1/27/2017,235,235.600006,232.600006,234.199997,198.306641,3619223,,1
1/30/2017,234,237.300003,233.600006,236.800003,200.508179,4753183,,3
1/31/2017,249.800003,252.600006,247,250,211.685165,12457854,,1
2/1/2017,250,251,245.699997,245.899994,208.213516,5300975,,1
2/2/2017,246,246.600006,243.5,246.100006,208.382874,3734075,,1
2/3/2017,246.199997,248.699997,244.800003,245.399994,207.790146,3645328,,1
2/6/2017,245.399994,245.399994,242.5,242.899994,205.673279,2538054,,3
2/7/2017,242.800003,244.5,241.5,241.699997,204.657196,2452725,,1
2/8/2017,242.600006,243.699997,241.199997,243.699997,206.350693,2163304,,1
2/9/2017,244,246.100006,243,246.100006,208.382874,2806196,,1
2/10/2017,247,248.800003,246.300003,247,209.144928,3581658,,1
2/13/2017,247.5,248,244.699997,246.100006,208.382874,2703330,,3
2/14/2017,246.399994,246.5,244.899994,245.899994,208.213516,2054321,,1
2/15/2017,246,246.199997,241.199997,242.5,205.33461,4105547,,1
2/16/2017,242.600006,244,241,243.399994,206.096664,3096258,,1
2/17/2017,243.399994,244.300003,241.399994,243.199997,205.927322,2824745,,1
2/20/2017,244.300003,245.199997,243.399994,243.800003,206.435349,2500769,,3
2/21/2017,244.300003,246.699997,243.5,246.199997,208.467529,2649448,,1
2/22/2017,246.300003,247,244.100006,244.300003,206.858719,2496299,,1
2/23/2017,244.300003,246.5,243.699997,246.100006,208.382874,2407908,,1
2/24/2017,245.100006,245.699997,238.100006,238.5,201.947647,5441011,,1
2/27/2017,239.300003,240.399994,235.800003,237,200.677536,3593722,,3
2/28/2017,237.5,239.5,237.5,238.600006,202.032318,3311655,,1
3/1/2017,239.399994,241.399994,238.899994,239.899994,203.133087,2719384,,1
3/2/2017,239.899994,240.600006,237.199997,237.699997,201.270248,2378077,,1
3/3/2017,237.399994,238.199997,236.100006,237.5,201.100891,2340801,,1
3/6/2017,237.5,240.899994,237.100006,239.800003,203.048401,2466938,,3
3/7/2017,239.899994,240.800003,238.5,240,203.217743,2778265,,1
3/8/2017,240,242.300003,239.300003,240.699997,203.810471,2774089,,1
3/9/2017,240.100006,242.399994,239.699997,241.5,204.487854,2106444,,1
3/10/2017,241.600006,243.100006,241.199997,241.699997,204.657196,2514393,,1
3/13/2017,242.399994,245.800003,242.100006,244.899994,207.366776,2935018,,3
3/14/2017,244,246.699997,242.800003,246.5,208.721558,4429053,,1
3/15/2017,238.699997,239.399994,233.5,234,198.137283,11234877,,1
3/16/2017,234.100006,236,230,231.300003,195.851105,6796114,,1
3/17/2017,228.399994,230.800003,228.100006,230.399994,195.089035,6296958,,1
3/20/2017,228,230.100006,227.199997,228.5,193.48024,4490800,,3
3/21/2017,228.5,230.600006,227.699997,228.800003,193.734253,4173868,,1
3/22/2017,227.899994,229.100006,226.199997,227.300003,192.464157,3302763,,1
3/23/2017,227,233.5,226.399994,232.899994,197.205902,5445358,,1
3/24/2017,232.800003,233,229.600006,233,197.290558,3342005,,1
3/27/2017,232.600006,234.800003,230.699997,234.800003,198.814713,3806974,,3
3/28/2017,235,235.600006,233.5,235.399994,199.322723,3088007,,1
3/29/2017,235.399994,237.800003,235.199997,237.199997,200.846878,4764024,,1
3/30/2017,244,245.800003,221.5,227.699997,192.802841,18800523,,1
3/31/2017,223.800003,230.100006,222.5,229,193.90361,7375349,,1
4/3/2017,228.199997,228.800003,223.5,223.5,189.246536,6298623,,3
4/4/2017,223.100006,224.800003,221.399994,223.699997,189.415894,4707793,,1
4/5/2017,223.699997,223.899994,218.600006,219.300003,185.690216,7439085,,1
4/6/2017,219,219.800003,217.800003,219.100006,185.520874,4835554,,1
4/7/2017,218.699997,219.100006,216.899994,218.300003,184.843491,6260551,,1
4/10/2017,218.899994,219.5,217.5,219.5,185.859558,3719579,,3
4/11/2017,219,219.199997,218,218.899994,185.351517,2694182,,1
4/12/2017,219,221.199997,218.600006,219.699997,186.028915,3558473,,1
4/13/2017,219.5,219.899994,217.899994,218.699997,185.182175,1923094,,1
4/18/2017,218.800003,219.5,215.399994,218.5,185.012833,5916128,,5
4/19/2017,216.399994,219.399994,216.300003,217.5,184.166077,4071819,,1
4/20/2017,217.399994,217.5,216.100006,216.399994,183.234665,2908551,,1
4/21/2017,216.300003,218.199997,215.399994,217.100006,183.827393,3745134,,1
4/24/2017,220,221.699997,219.199997,221.199997,187.299026,5239060,,3
4/25/2017,222.300003,222.399994,220.100006,220.699997,186.875656,3343979,,1
4/26/2017,220.699997,220.899994,219.100006,220,186.282944,3232264,,1
4/27/2017,220,220.600006,217.5,219.100006,185.520874,4027936,,1
4/28/2017,218.699997,221,218.199997,219.399994,185.774872,3605483,,1
5/2/2017,219.399994,219.5,216.300003,217.199997,183.912064,4413797,,4
5/3/2017,217.199997,218.899994,216.800003,218.100006,184.674133,3133970,,1
5/4/2017,218.5,218.800003,212.800003,213.199997,180.525101,6119189,,1
5/5/2017,213.5,217.100006,213.300003,215.699997,182.641953,5554526,,1
5/8/2017,218,220.199997,217.300003,219.199997,185.60553,5001514,,3
5/9/2017,220.300003,220.300003,217.699997,219,185.436203,3963656,,1
5/10/2017,215.399994,218.199997,213.899994,216.699997,183.488693,8767042,,1
5/11/2017,213.399994,214.199997,211.800003,213.399994,184.874832,5605943,,1
5/12/2017,214,218.699997,213.5,218.600006,189.379745,4390836,,1
5/15/2017,218.699997,220.300003,217.600006,219.399994,190.0728,5558734,,3
5/16/2017,220,220.199997,217,219.199997,189.899536,5391638,,1
5/17/2017,218.800003,219.5,217.399994,219.100006,189.812897,4937280,,1
5/18/2017,218.399994,220,217.600006,218.300003,189.119843,4936797,,1
5/19/2017,219.100006,222.199997,218,221.699997,192.065369,5805556,,1
5/22/2017,222,228.800003,220.899994,227,196.656906,8376964,,3
5/23/2017,227.5,229.600006,227.100006,227.600006,197.176712,7431510,,1
5/24/2017,226.600006,226.800003,223.699997,226.5,196.223755,4399195,,1
5/26/2017,226.199997,226.199997,223.399994,223.699997,193.798019,3935000,,2
5/29/2017,223.699997,224,220.399994,222.800003,193.018341,4243662,,3
5/30/2017,222,223.100006,220.100006,220.100006,190.679245,5000777,,1
5/31/2017,220,220,216.5,216.5,187.560455,6387974,,1
6/1/2017,215.600006,218.699997,214,217.600006,188.513397,4483600,,1
6/2/2017,218,219.5,217.5,218.600006,189.379745,4483022,,1
6/5/2017,219,219.199997,216.800003,217,187.993607,2195731,,3
6/6/2017,217,217,217,217,187.993607,0,,1
6/7/2017,213.899994,214,209.100006,209.899994,181.842667,10565897,,1
6/8/2017,209.100006,209.5,205.699997,208.600006,180.716461,9180840,,1
6/9/2017,208.5,208.5,206,206.600006,178.983765,5309671,,1
6/12/2017,206,209.199997,205.899994,207.5,179.763474,4871459,,3
6/13/2017,208.199997,214.600006,206.800003,213.199997,184.701553,7117906,,1
6/14/2017,214,214.800003,212.199997,212.199997,183.83522,4485779,,1
6/15/2017,207.800003,208.899994,199.600006,200.5,173.699158,14815988,,1
6/16/2017,200.5,202.800003,200,201.399994,174.478851,7638042,,1
6/19/2017,202,202.899994,200.300003,202.699997,175.605087,5504112,,3
6/20/2017,203.100006,205.699997,202.5,202.5,175.431839,5674803,,1
6/21/2017,202.5,202.5,200.399994,201,174.132339,4530433,,1
6/22/2017,200.600006,203.5,200.399994,203.5,176.298157,4982548,,1
6/23/2017,203.5,203.5,203.5,203.5,176.298157,0,,1
6/26/2017,204,205.800003,203.600006,204.300003,176.991226,4525442,,3
6/27/2017,204.800003,204.899994,200.699997,200.699997,173.872437,4662401,,1
6/28/2017,200.5,204.600006,200,204.600006,177.251114,6690319,,1
6/29/2017,214.800003,216.199997,200.300003,210.199997,182.10257,21858068,,1
6/30/2017,210,215.899994,209.699997,209.899994,181.842667,9813241,,1
7/3/2017,211,215.600006,211,214.600006,185.914429,5914830,,3
7/4/2017,213.699997,214.800003,209.199997,210.100006,182.015945,7460120,,1
7/5/2017,210,214.300003,209.600006,212.899994,184.44165,4710882,,1
7/6/2017,212.899994,215,212.899994,213.600006,185.048096,3762107,,1
7/7/2017,213.699997,214.300003,211.899994,212.899994,184.44165,2580636,,1
7/10/2017,214,214.300003,207.899994,208.5,180.629807,4150939,,3
7/11/2017,208.300003,209.5,207.100006,207.699997,179.936737,3068639,,1
7/12/2017,207.899994,208.699997,206.399994,207.899994,180.110016,2896420,,1
7/13/2017,208,211.699997,208,211.199997,182.968887,3621695,,1
7/14/2017,211.300003,212.800003,209.800003,211.199997,182.968887,2872844,,1
7/17/2017,212.399994,218.699997,212,217.800003,188.686661,6580203,,3
7/18/2017,217,220.199997,217,217.300003,188.25351,6770097,,1
7/19/2017,218.300003,219.699997,215.699997,218.5,189.293106,4127986,,1
7/20/2017,219,221.800003,219,219.899994,190.505966,3779930,,1
7/21/2017,219,221.300003,218.100006,218.899994,189.639633,4318536,,1
7/24/2017,219.100006,219.899994,212.800003,213.300003,184.788208,4596976,,3
7/25/2017,214,215.100006,211,211.600006,183.31543,3629458,,1
7/26/2017,211.199997,214.100006,211.100006,213.899994,185.307983,2680685,,1
7/27/2017,214,215.5,212.699997,214.5,185.827774,2249665,,1
7/28/2017,214.5,214.899994,212,213.300003,184.788208,2433199,,1
7/31/2017,213.300003,213.300003,210.199997,210.5,182.362457,2913556,,3
8/1/2017,210.800003,217.899994,209.699997,217.100006,188.080231,5416467,,1
8/2/2017,219.300003,225.699997,218.399994,224.800003,194.750977,7524446,,1
8/3/2017,224.899994,227.699997,222.399994,222.5,192.758423,5495442,,1
8/4/2017,222.899994,225.199997,221.199997,223.899994,193.971268,2661716,,1
8/7/2017,224.5,225.399994,222.600006,224.399994,194.404449,3136608,,3
8/8/2017,224.199997,224.5,221.899994,222,192.325272,2846735,,1
8/9/2017,221.100006,221.800003,218.300003,221.600006,191.978745,3259183,,1
8/10/2017,221.199997,221.399994,219,219.899994,190.505966,2173619,,1
8/11/2017,218.600006,219,216.600006,217.300003,188.25351,2779910,,1
8/14/2017,218.399994,219.199997,217.300003,218.699997,189.46637,2135467,,3
8/15/2017,219.300003,219.899994,215.399994,215.600006,186.780762,2610845,,1
8/16/2017,215.5,215.899994,213.600006,214.600006,185.914429,3656272,,1
8/17/2017,214,214.199997,211.699997,211.800003,183.488708,3551786,,1
8/18/2017,210.600006,211,208.399994,209.5,181.49614,4007326,,1
8/21/2017,209,209.5,206.600006,208.100006,180.283279,3679114,,3
8/22/2017,209.399994,210.5,207.399994,209.800003,181.756027,5163421,,1
8/23/2017,209.600006,209.600006,205.699997,206.600006,178.983765,5119148,,1
8/24/2017,205.100006,208.399994,204.199997,207.899994,180.110016,5904684,,1
8/25/2017,208.100006,208.399994,205.800003,206.100006,178.550598,3348219,,1
8/28/2017,204.5,207.100006,204.5,205.399994,177.944183,2646239,,3
8/29/2017,204.699997,205.300003,202.600006,202.899994,175.778351,4113033,,1
8/30/2017,204,204,200.199997,203,175.864975,6059740,,1
8/31/2017,203,203.5,199.899994,201,174.132339,5055203,,1
9/1/2017,200,203.699997,199.300003,200.699997,173.872437,6485815,,1
9/4/2017,198,201.199997,197.300003,199,172.399658,4421658,,3
9/5/2017,199.300003,200.5,197,199,172.399658,5853848,,1
9/6/2017,198.399994,200.199997,195.699997,199.800003,173.092712,5226358,,1
9/7/2017,201.300003,203.300003,199.399994,202.699997,175.605087,5557622,,1
9/8/2017,202.600006,203.100006,200,202,174.998672,3978300,,1
9/11/2017,206.100006,209.5,206,207.899994,180.110016,6806499,,3
9/12/2017,208.699997,210.199997,207.199997,209.899994,181.842667,4277520,,1
9/13/2017,209.100006,210.699997,207.800003,209.300003,181.322876,3849296,,1
9/14/2017,209.800003,213.600006,208.899994,213.399994,184.874832,6260472,,1
9/15/2017,213.300003,220,213.199997,217,187.993607,11699075,,1
9/18/2017,218.399994,218.5,213.699997,214.699997,186.001068,5478543,,3
9/19/2017,214,215.199997,213.199997,213.600006,185.048096,2912411,,1
9/20/2017,213.199997,219.399994,212.399994,219,189.726273,5140630,,1
9/21/2017,220,220.899994,217.300003,218.300003,189.119843,3599318,,1
9/22/2017,218,219.5,217.5,219,189.726273,2926792,,1
9/25/2017,218.699997,222.699997,218.300003,222.5,192.758423,4505783,,3
9/26/2017,221.699997,222.399994,219.600006,220.800003,191.28566,3851481,,1
9/27/2017,220.800003,222.5,218.199997,222.399994,192.671783,5217277,,1
9/28/2017,219,219,206.5,211.100006,182.882278,16727413,,1
9/29/2017,209.699997,211.100006,207.100006,211,182.795624,8280062,,1
10/2/2017,210,211.600006,207.899994,211.399994,183.142151,3679924,,3
10/3/2017,211.300003,215.699997,210.899994,214.600006,185.914429,4575001,,1
10/4/2017,214.600006,217.699997,214.300003,217.300003,188.25351,4170779,,1
10/5/2017,217.899994,221.300003,217.100006,217.699997,188.600021,5179443,,1
10/6/2017,216.399994,217.300003,214.5,216.899994,187.906967,4092731,,1
10/9/2017,216.899994,220.300003,216.800003,219,189.726273,4073151,,3
10/10/2017,219,219.5,216.800003,217.399994,188.340134,2879469,,1
10/11/2017,217.300003,219.600006,216.699997,219.300003,189.986176,2615442,,1
10/12/2017,219.199997,222.199997,219.199997,221.5,191.89209,4357027,,1
10/13/2017,222,223,220.199997,221.199997,191.632202,3280128,,1
10/16/2017,220.199997,220.800003,218.199997,219,189.726273,2654768,,3
10/17/2017,218.199997,219.600006,215,215,186.260971,5004568,,1
10/18/2017,215,216.899994,214.5,214.800003,186.087708,2995344,,1
10/19/2017,214.800003,214.899994,213.199997,214.199997,185.567886,3647568,,1
10/20/2017,215,217.199997,213.699997,217.100006,188.080231,5258865,,1
10/23/2017,216,217.899994,214.5,214.5,185.827774,3557528,,3
10/24/2017,214.100006,215.800003,213.5,214.399994,185.741135,3789756,,1
10/25/2017,214.100006,215.5,213.100006,213.899994,185.307983,3059343,,1
10/26/2017,212,215.5,209.600006,214.199997,185.567886,5150224,,1
10/27/2017,214.800003,217.5,214.300003,216,187.127274,4381895,,1
10/30/2017,215.699997,218.199997,214.600006,217.399994,188.340134,3804112,,3
10/31/2017,217.300003,218,209.800003,210.199997,182.10257,8736303,,1
11/1/2017,209.600006,209.600006,205.600006,207.399994,179.676834,7407570,,1
11/2/2017,207.199997,210.600006,207.199997,208.300003,180.456558,4488818,,1
11/3/2017,208.699997,209.5,207.899994,209.5,181.49614,1916412,,1
11/6/2017,209.5,209.899994,208.5,209,181.062973,3470608,,3
11/7/2017,209,209.199997,204.699997,204.699997,177.337753,4766035,,1
11/8/2017,204.899994,205.699997,202.100006,204.800003,177.424393,5371902,,1
11/9/2017,204.800003,204.800003,202,203.899994,176.644684,4047490,,1
11/10/2017,203.899994,206.199997,202.199997,204.800003,177.424393,5133147,,1
11/13/2017,200.5,201.899994,198.800003,201.5,178.799774,5074267,,3
11/14/2017,200.800003,202.699997,200.5,202.699997,179.864578,3707861,,1
11/15/2017,201.199997,202.300003,199.899994,202,179.243454,3541899,,1
11/16/2017,202.399994,203.800003,201.199997,202.600006,179.775848,3278521,,1
11/17/2017,198.199997,199.199997,194.199997,197,174.806717,9256172,,1
11/20/2017,196.199997,198.100006,196.100006,196.399994,174.274307,3433064,,3
11/21/2017,194,194.899994,191.899994,194.600006,172.677109,7452963,,1
11/22/2017,190.100006,192.399994,188.899994,191.600006,170.015076,7709404,,1
11/23/2017,190.5,191.600006,187.699997,188.899994,167.619247,5733911,,1
11/24/2017,188.5,190.199997,187.600006,189.5,168.151642,3080496,,1
11/27/2017,188.5,192.399994,188.5,191.199997,169.660126,4683084,,3
11/28/2017,191,195.699997,190.899994,194.199997,172.322159,4507923,,1
11/29/2017,195,195.899994,193.5,194.800003,172.854568,3557387,,1
11/30/2017,197,198.5,194.399994,197.100006,174.895462,6744684,,1
12/1/2017,195.600006,197.399994,192.899994,195.399994,173.386978,3974907,,1
12/4/2017,192.899994,196.5,191.100006,196.199997,174.096848,4695536,,3
12/5/2017,195.800003,199.100006,195.100006,197.100006,174.895462,3798994,,1
12/6/2017,196,200.399994,195.699997,197.600006,175.339142,4197217,,1
12/7/2017,197.600006,198,196.199997,196.699997,174.540512,2980272,,1
12/8/2017,196.899994,198.800003,196.899994,198.300003,175.960266,3356003,,1
12/11/2017,198,200,197.300003,199.600006,177.113815,3535102,,3
12/12/2017,199.600006,200.100006,197.699997,199.699997,177.20253,3307439,,1
12/13/2017,199.800003,203.399994,199.5,202.5,179.687119,5696259,,1
12/14/2017,201.899994,203.300003,199.899994,200.300003,177.734955,4386336,,1
12/15/2017,178,180,168.5,174.300003,154.664032,40413793,,1
12/18/2017,173.300003,173.300003,164.899994,170,150.84845,28912574,,3
12/19/2017,169.199997,173.399994,168.600006,172.100006,152.711868,10601405,,1
12/20/2017,172.800003,173.199997,166.899994,168.199997,149.251221,9050284,,1
12/21/2017,168.399994,170.399994,168.100006,170.199997,151.025909,5486961,,1
12/22/2017,170.300003,172.800003,170.100006,170.699997,151.469574,5369425,,1
12/27/2017,170.399994,171.300003,169.300003,170.199997,151.025909,4803602,,5
12/28/2017,170.100006,171.800003,169.399994,170.699997,151.469574,3959979,,1
12/29/2017,170.199997,171.399994,169.300003,169.300003,150.227295,5424109,,1
1/2/2018,169.240005,170.419998,167.720001,168.919998,149.890121,6896756,,4
1/3/2018,169.5,172,167.300003,168.039993,149.109253,6101081,,1
1/4/2018,168.039993,168.419998,164.5,165.380005,146.748917,9124479,,1
1/5/2018,164.5,164.759995,160.800003,162.899994,144.548294,6476815,,1
1/8/2018,162,166,161.860001,163.059998,144.690262,7094767,,3
1/9/2018,161.5,161.600006,158.899994,159.720001,141.726547,10208672,,1
1/10/2018,159.720001,160.800003,159.119995,160.800003,142.684875,6952678,,1
1/11/2018,161.039993,161.199997,157.940002,159.380005,141.42485,7219872,,1
1/12/2018,159.380005,160.360001,158.539993,160.360001,142.294449,6620635,,1
1/15/2018,160,161.139999,159.600006,160.440002,142.365433,5389223,,3
1/16/2018,160.360001,160.960007,159.880005,160.139999,142.099228,3721326,,1
1/17/2018,159.240005,159.699997,155.740005,157.320007,139.596909,7261531,,1
1/18/2018,157.5,159.059998,156.440002,157.119995,139.419434,6470536,,1
1/19/2018,157.119995,158.320007,156.699997,157.800003,140.022842,5561698,,1
1/22/2018,157.839996,158.199997,156,156.559998,138.922531,5267941,,3
1/23/2018,156.559998,158.419998,156.539993,157.419998,139.685654,5059549,,1
1/24/2018,157.979996,158.639999,157.300003,157.679993,139.916367,4344664,,1
1/25/2018,157.539993,158.479996,156.699997,157.300003,139.579163,5123969,,1
1/26/2018,157.820007,158.059998,156.5,156.5,138.869308,4305045,,1
1/29/2018,156.899994,158.179993,156.600006,157.539993,139.792145,5053693,,3
1/30/2018,157.5,158.5,155.5,155.860001,138.301392,6589102,,1
1/31/2018,160,160.119995,139.119995,139.339996,123.642479,39958907,,1
2/1/2018,138.619995,140.399994,136.300003,139.520004,123.802208,13441105,,1
2/2/2018,139.699997,143.580002,138.699997,142.220001,126.198036,10343128,,1
2/5/2018,141.820007,143.880005,140.339996,140.559998,124.725037,10518217,,3
2/6/2018,137,138.919998,135.380005,137.300003,121.832298,11010256,,1
2/7/2018,138.520004,139.899994,137.020004,139.899994,124.139381,7147319,,1
2/8/2018,139.520004,141.020004,139.160004,140.179993,124.38784,5352287,,1
2/9/2018,139.820007,141.119995,138.940002,138.940002,123.287544,6729213,,1
2/12/2018,140.5,141.559998,139.880005,140.559998,124.725037,6523910,,3
2/13/2018,141.460007,143.580002,140.559998,141.559998,125.612389,8847890,,1
2/14/2018,144.100006,146.419998,133.539993,135,119.791405,24473691,,1
2/15/2018,135,139.100006,134.5,139,123.34079,10800975,,1
2/16/2018,139.5,140.860001,138.899994,140.759995,124.902512,7705813,,1
2/19/2018,141.5,142.020004,140.199997,140.679993,124.831505,4845998,,3
2/20/2018,140.679993,141.880005,140.600006,140.899994,125.026726,5328052,,1
2/21/2018,140.419998,142,139.880005,141.5,125.559143,4122003,,1
2/22/2018,141.059998,141.220001,138.100006,138.660004,123.039093,6694194,,1
2/23/2018,138,139.220001,137.779999,138.5,122.89711,5676902,,1
2/26/2018,139,139.899994,138.360001,139.020004,123.358528,4297184,,3
2/27/2018,139.199997,139.740005,138.679993,139.020004,123.358528,5234373,,1
2/28/2018,137.619995,138.800003,137.419998,137.419998,121.938782,5822626,,1
3/1/2018,136.960007,137.220001,134.520004,134.899994,119.702667,6077038,,1
3/2/2018,133.839996,135.520004,131.919998,131.919998,117.058388,6790648,,1
3/5/2018,131.779999,134.100006,131.419998,134.020004,118.921814,5529586,,3
3/6/2018,135,137.100006,134.860001,135.759995,120.46579,5814026,,1
3/7/2018,135,137.199997,134.399994,137.199997,121.743561,6443195,,1
3/8/2018,137.380005,137.779999,136.360001,136.979996,121.54834,6217981,,1
3/9/2018,136.940002,136.940002,135.759995,136.199997,120.856216,5238514,,1
3/12/2018,136.639999,138.220001,135.399994,136.740005,121.335396,6758074,,3
3/13/2018,137,138.080002,134.699997,134.880005,119.684929,6194877,,1
3/14/2018,135.5,136.839996,134.5,136.339996,120.980446,8007522,,1
3/15/2018,134,134.320007,129.220001,131.820007,116.969658,17194424,,1
3/16/2018,131.740005,133.100006,130.960007,131.279999,116.490486,11945524,,1
3/19/2018,130.979996,130.979996,129.119995,129.160004,114.609322,5912399,,3
3/20/2018,128.660004,129.360001,126.919998,128.300003,113.846214,5696325,,1
3/21/2018,128.5,129.320007,127.699997,128.440002,113.970428,4518542,,1
3/22/2018,128.039993,128.660004,125.480003,126.760002,112.479706,7271894,,1
3/23/2018,125.32,129.339996,125.300003,129.240005,114.680313,7119277,,1
3/26/2018,130.100006,130.740005,126.959999,127.360001,113.012108,7286193,,3
3/27/2018,122.5,124.379997,118.199997,120.940002,107.315361,21693775,,1
3/28/2018,118.860001,124.639999,117.099998,122.339996,108.557632,12394707,,1
3/29/2018,123,125.18,122.519997,125.18,111.07769,4578134,,1
4/3/2018,125,125,122.860001,124.080002,110.101616,6082481,,5
4/4/2018,124.279999,125.32,123.760002,124.599998,110.563026,5069038,,1
4/5/2018,125.559998,126.959999,125.080002,125.940002,111.752075,4403273,,1
4/6/2018,125.940002,126.900002,124.800003,126.260002,112.036026,3834853,,1
4/9/2018,127.440002,129.279999,126.040001,126.300003,112.071518,5089207,,3
4/10/2018,126.940002,128.039993,125.459999,128,113.579994,4650591,,1
4/11/2018,128,130.220001,126.660004,130.020004,115.372437,6718389,,1
4/12/2018,130.139999,134.380005,129.779999,134.100006,118.992805,9113852,,1
4/13/2018,134.5,135.320007,132.960007,135.199997,119.968872,7933720,,1
4/16/2018,135.5,137.139999,132.419998,133.199997,118.194183,6907378,,3
4/17/2018,133.5,137,133.259995,136.039993,120.714241,6151778,,1
4/18/2018,137,137.699997,136.5,137,121.566093,2194382,,1
4/19/2018,137.600006,137.899994,135.5,136.419998,121.05143,7905846,,1
4/20/2018,136.899994,136.899994,132.160004,132.460007,117.53756,8291071,,1
4/23/2018,132.580002,136.839996,132.320007,136.740005,121.335396,7375888,,3
4/24/2018,137,141.380005,136.679993,139.440002,123.731216,11264332,,1
4/25/2018,139.440002,144.419998,139.339996,144.419998,128.150192,12113300,,1
4/26/2018,145.600006,147.320007,143.059998,143.820007,127.617783,9121273,,1
4/27/2018,144.880005,149.399994,143.580002,148.580002,131.841522,11445843,,1
4/30/2018,150,150.960007,149.119995,149.820007,132.941849,5170983,,3
5/2/2018,150.360001,154.119995,149.600006,153.660004,136.349258,9695159,,2
5/3/2018,153.199997,153.5,144.720001,145.179993,128.824554,14903269,,1
5/4/2018,145.380005,146.440002,141.300003,144.720001,128.416397,14938636,,1
5/7/2018,145.5,147.639999,144.600006,147.5,130.883209,4990619,,3
5/8/2018,147.940002,149.660004,146.759995,149.600006,132.746628,9233527,,1
5/9/2018,146,146.119995,144.300003,145.240005,133.24202,4573409,,1
5/11/2018,145.240005,145.479996,138.240005,138.839996,127.370697,9805247,,2
5/14/2018,139.380005,140.259995,138.5,139.259995,127.756012,5226308,,3
5/15/2018,138.800003,140.020004,137.5,138.059998,126.655136,7511765,,1
5/16/2018,138.059998,139.880005,136.839996,138.919998,127.444099,5953437,,1
5/17/2018,139,147.740005,138.039993,146.600006,134.48967,8199511,,1
5/18/2018,146.740005,146.899994,143.759995,144.619995,132.673233,6722303,,1
5/21/2018,144.699997,146.240005,143.699997,145.800003,133.755768,4473332,,3
5/22/2018,146.100006,146.100006,144.039993,145.860001,133.810791,5257563,,1
5/23/2018,145,146.100006,143.699997,145.100006,133.113602,4052103,,1
5/24/2018,145.199997,145.479996,143.820007,144.080002,132.177856,9819854,,1
5/25/2018,144.199997,145,139.880005,139.880005,128.324799,6910456,,1
5/28/2018,140.199997,140.460007,137.139999,137.279999,125.939568,4146199,,3
5/29/2018,136.899994,137.080002,132.619995,134.839996,123.701134,7759238,,1
5/30/2018,133.779999,137.979996,133.320007,137.419998,126.068016,7573284,,1
5/31/2018,137.419998,137.419998,137.419998,137.419998,126.068016,0,,1
6/1/2018,130.919998,133.020004,130.160004,132.5,121.554451,5287566,,1
6/4/2018,132.660004,134.020004,131.539993,133.020004,122.031487,4209321,,3
6/5/2018,133.179993,133.820007,131.300003,132.820007,121.848015,6797063,,1
6/6/2018,132.820007,132.820007,132.820007,132.820007,121.848015,0,,1
6/7/2018,137.5,137.580002,131.039993,131.820007,120.930618,6827301,,1
6/8/2018,131.899994,135.100006,131.699997,134.600006,123.480972,5089128,,1
6/11/2018,134.880005,137.699997,133.080002,137.699997,126.324875,5579030,,3
6/12/2018,138.100006,144.779999,138.059998,144.539993,132.599838,10358634,,1
6/13/2018,145,145.820007,141.320007,144,132.104446,8378690,,1
6/14/2018,143.360001,143.380005,135.600006,140.059998,128.489929,11717057,,1
6/15/2018,135.300003,137,133.320007,134.020004,122.948883,12395401,,1
6/18/2018,133.960007,133.960007,130.720001,132.240005,121.315926,6232434,,3
6/19/2018,130.559998,138.759995,130.559998,138,126.600105,7877210,,1
6/20/2018,138.020004,139.220001,135.839996,138.399994,126.967049,5282482,,1
6/21/2018,138.320007,140,137.320007,138.240005,126.820274,4432097,,1
6/22/2018,138.240005,138.240005,138.240005,138.240005,126.820274,0,,1
6/25/2018,138,141.699997,136.820007,137.960007,126.5634,5413206,,3
6/26/2018,138,139.679993,137.220001,137.5,126.141403,3694383,,1
6/27/2018,139.119995,139.380005,134.600006,134.619995,123.499306,6645645,,1
6/28/2018,129.580002,141.360001,128.380005,137.160004,125.829498,18985955,,1
6/29/2018,137.100006,138.800003,130.679993,133.5,122.471832,12391402,,1
7/2/2018,132.5,137,131.720001,136.360001,125.095573,5700788,,3
7/3/2018,136.5,140.259995,135.220001,138.460007,127.02211,7359359,,1
7/4/2018,138,139.660004,137.440002,138.580002,127.132195,3511997,,1
7/5/2018,138.5,139.860001,137.020004,137.520004,126.15976,4967160,,1
7/6/2018,137.820007,140.440002,137.399994,139.559998,128.031235,4699556,,1
7/9/2018,140.100006,144.440002,139.440002,142.940002,131.132019,4781040,,3
7/10/2018,142.940002,143.820007,141.039993,141.639999,129.939407,4348137,,1
7/11/2018,141,141.460007,138.539993,138.940002,127.462456,5090848,,1
7/12/2018,139.440002,141.619995,138.320007,140.039993,128.471573,3676408,,1
7/13/2018,139.619995,140.660004,137.979996,138.740005,127.278969,3934529,,1
7/16/2018,138.740005,138.800003,135.580002,136.419998,125.15062,3827791,,3
7/17/2018,136.419998,137.720001,135.899994,137,125.682709,3250698,,1
7/18/2018,137.259995,139.320007,136.699997,137.240005,125.902885,3105717,,1
7/19/2018,137.300003,138.380005,136.380005,137.600006,126.233147,3512979,,1
7/20/2018,137.699997,139.460007,137.119995,138.679993,127.223923,3680741,,1
7/23/2018,138.660004,139.539993,137.899994,138.300003,126.87532,2246986,,3
7/24/2018,138.539993,139.080002,137.860001,138.220001,126.801933,2540948,,1
7/25/2018,137.660004,139.160004,137.660004,138.100006,126.691849,2272553,,1
7/26/2018,138.5,139.539993,137.779999,138.940002,127.462456,2362726,,1
7/27/2018,138.779999,139.139999,137.419998,138.660004,127.205582,2544392,,1
7/30/2018,139,140.639999,138.059998,139.279999,127.774368,2814380,,3
7/31/2018,138.919998,139.240005,136.800003,136.800003,125.499222,4605770,,1
8/1/2018,136.520004,136.759995,132.679993,133.259995,122.251656,4874450,,1
8/2/2018,133,133.039993,131.380005,131.5,120.637047,3643251,,1
8/3/2018,131.820007,133.160004,131.699997,133.160004,122.159927,2156462,,1
8/6/2018,133,133.919998,131.720001,132.320007,121.38932,2752081,,3
8/7/2018,132.139999,132.580002,131,132.440002,121.499413,2762491,,1
8/8/2018,132.460007,133.699997,132.039993,133.539993,122.508522,2267631,,1
8/9/2018,133.699997,133.960007,132.899994,133.580002,122.545227,3036431,,1
8/10/2018,133.580002,134.539993,130.139999,130.419998,119.646263,4332274,,1
8/13/2018,130.320007,130.320007,127.800003,128.399994,117.793137,5220543,,3
8/14/2018,128.639999,129.320007,128.020004,128.759995,118.12339,2680640,,1
8/15/2018,128.720001,130.380005,125.919998,125.980003,115.573051,4873351,,1
8/16/2018,126.260002,127.139999,125.959999,127.040001,116.545486,3100245,,1
8/17/2018,127,129.119995,126.660004,129.100006,118.43531,7759606,,1
8/20/2018,129,129.119995,127.32,127.599998,117.059227,3802584,,3
8/21/2018,127.099998,128.539993,127.099998,128.320007,117.719749,4394411,,1
8/22/2018,128.279999,129.899994,127.779999,129.779999,119.059135,2848710,,1
8/23/2018,129.539993,131.300003,129.300003,130.199997,119.444443,2617526,,1
8/24/2018,130,130.619995,129.440002,130.619995,119.829742,1913471,,1
8/27/2018,130.619995,133.240005,130.559998,132.940002,121.958099,2936154,,3
8/28/2018,132.940002,133.240005,130.5,131.020004,120.196709,6867323,,1
8/29/2018,131.360001,134.059998,130.919998,131.259995,120.416862,9519737,,1
8/30/2018,131.199997,131.559998,124.040001,124.18,113.921738,9632597,,1
8/31/2018,123.68,124.660004,122.800003,123.220001,113.041046,5477356,,1
9/3/2018,122.800003,124.599998,122.800003,123.959999,113.71991,4258803,,3
9/4/2018,123.940002,124.120003,121,122.059998,111.976868,4773302,,1
9/5/2018,121.699997,123.400002,121.300003,122.32,112.215401,4671986,,1
9/6/2018,122.099998,123.940002,121.760002,123.120003,112.94931,3054711,,1
9/7/2018,123,123.220001,120.980003,121.279999,111.261307,3666711,,1
9/10/2018,120.860001,123.580002,120.5,122.82,112.674088,2901162,,3
9/11/2018,122.760002,123.199997,120.620003,121.339996,111.316338,3337707,,1
9/12/2018,121.739998,123.379997,121.18,123.339996,113.151131,3201452,,1
9/13/2018,123,123,121.32,122.720001,112.582352,3039912,,1
9/14/2018,122.779999,123.300003,121.699997,123.160004,112.986008,2746772,,1
9/17/2018,134.039993,145.619995,131.979996,143.639999,131.774185,29272405,,3
9/18/2018,141.139999,146.5,139.800003,141.880005,130.159576,10936641,,1
9/19/2018,142,142.660004,140.759995,141.399994,129.719223,5571097,,1
9/20/2018,141,143.100006,140.580002,142.720001,130.930176,4654341,,1
9/21/2018,143.100006,145.559998,142.720001,145,133.021851,8758484,,1
9/24/2018,145,149.800003,145,148.479996,136.214355,9140144,,3
9/25/2018,148.539993,149.339996,146.199997,147.740005,135.535507,4958222,,1
9/26/2018,147.740005,149.440002,146.380005,148.479996,136.214355,6209262,,1
9/27/2018,156.100006,167.800003,156,165,151.36969,27292210,,1
9/28/2018,163.660004,165.580002,161.320007,164.240005,150.67247,9226673,,1
10/1/2018,163,163.940002,161.320007,163.419998,149.920197,4940872,,3
10/2/2018,163,164.220001,162.059998,162.699997,149.259674,4473340,,1
10/3/2018,162.520004,169.220001,162.479996,168.220001,154.323685,7151340,,1
10/4/2018,168,168.860001,165.800003,168.279999,154.378723,4609651,,1
10/5/2018,169,171.5,168,168.979996,155.020905,4909105,,1
10/8/2018,168.979996,170.399994,167.759995,169.360001,155.369522,3267153,,3
10/9/2018,169.460007,170.839996,167.679993,169.679993,155.663055,3695182,,1
10/10/2018,170.220001,173,169.660004,170.960007,156.837357,5269956,,1
10/11/2018,168.779999,169.880005,162,162.300003,148.892731,9217674,,1
10/12/2018,163,164.300003,159.960007,159.960007,146.746033,5278753,,1
10/15/2018,159.779999,163,158.240005,163,149.534912,4134315,,3
10/16/2018,162.880005,164.660004,160.300003,164.660004,151.057785,3673461,,1
10/17/2018,165.380005,166.660004,162.800003,163.979996,150.433945,3399657,,1
10/18/2018,164.619995,165.259995,160.759995,161.699997,148.342285,3844798,,1
10/19/2018,161.699997,165.440002,161.199997,163.5,149.993607,4826780,,1
10/22/2018,163.979996,165.699997,162.740005,162.880005,149.424805,4595217,,3
10/23/2018,162.759995,162.800003,157.520004,158.460007,145.369949,5225203,,1
10/24/2018,159,163.279999,158.580002,160.160004,146.92952,4927511,,1
10/25/2018,158.979996,160.240005,158.039993,159.600006,146.415771,3762222,,1
10/26/2018,158.839996,158.960007,155.440002,156.259995,143.351669,4329469,,1
10/29/2018,156.259995,160.320007,155.759995,158.679993,145.571762,3357100,,3
10/30/2018,158.679993,161.059998,157.899994,160.399994,147.149673,3188424,,1
10/31/2018,161.740005,163.679993,160.559998,161.740005,148.378998,4452050,,1
11/1/2018,161.580002,161.580002,157.559998,158.820007,145.700211,4582462,,1
11/2/2018,160.119995,160.699997,158.399994,160.339996,147.094635,1732717,,1
11/5/2018,159.520004,161.160004,157.600006,160.139999,146.911163,3711841,,3
11/6/2018,160,160,155.539993,156.020004,143.131516,4691322,,1
11/7/2018,156.300003,160.679993,156.300003,159.940002,146.727692,5364542,,1
11/8/2018,160.679993,161.080002,158.580002,159.199997,146.048813,2838910,,1
11/9/2018,159.399994,160.440002,158.5,159.039993,145.902023,3828854,,1
11/12/2018,155.419998,156.100006,152.320007,152.580002,144.378571,4726839,,3
11/13/2018,152.479996,154.839996,151.960007,154.380005,146.081818,3491688,,1
11/14/2018,153.779999,157.199997,153.300003,156,147.614731,3472048,,1
11/15/2018,156.699997,157.279999,153.460007,156,147.614731,5090117,,1
11/16/2018,156.600006,160.240005,155.619995,159.339996,150.775208,5115714,,1
11/19/2018,159.740005,161.740005,159.399994,160.520004,151.891769,4793824,,3
11/20/2018,159.559998,162.440002,158.440002,159.440002,150.869827,5483706,,1
11/21/2018,159.539993,165.899994,159.399994,165.479996,156.585175,6452640,,1
11/22/2018,165.5,167.199997,164.160004,166.199997,157.266479,4634505,,1
11/23/2018,165.779999,167.520004,165.320007,166.660004,157.701752,2703943,,1
11/26/2018,166.5,167.320007,163.639999,165,156.130966,3755783,,3
11/27/2018,165,167.899994,164.839996,167.080002,158.099167,3729895,,1
11/28/2018,167.080002,168.300003,165.020004,168.300003,159.253601,3599068,,1
11/29/2018,168.660004,170.160004,167.199997,169.559998,160.445862,3690739,,1
11/30/2018,168.899994,170.360001,167.619995,167.639999,158.629059,5263765,,1
12/3/2018,170,170,163.300003,164.259995,155.430756,4255135,,3
12/4/2018,163.820007,165.399994,163.199997,163.279999,154.503418,3625908,,1
12/5/2018,162.580002,164.740005,161.199997,162.740005,153.992447,2916745,,1
12/6/2018,162,162.199997,157.080002,157.080002,148.636688,3870148,,1
12/7/2018,157.240005,161.100006,157.020004,159.039993,150.491333,4134962,,1
12/10/2018,158,159.860001,157.160004,158.100006,149.601868,3600144,,3
12/11/2018,158.580002,164.880005,158.580002,163.119995,154.35202,5394279,,1
12/12/2018,162,162,156.039993,158.240005,149.734329,6893748,,1
12/13/2018,158.240005,159.039993,154.660004,155.199997,146.857742,4188813,,1
12/14/2018,153,156.979996,151.5,156.119995,147.728287,4988086,,1
12/17/2018,156.119995,156.779999,139.419998,142.800003,135.124252,13433029,,3
12/18/2018,142,143.5,138.399994,138.619995,131.16893,7288700,,1
12/19/2018,137.600006,139.100006,135.600006,136.119995,128.803314,6220711,,1
12/20/2018,134.940002,135,131.740005,131.740005,124.658752,5703475,,1
12/21/2018,130.339996,131.279999,128,128.600006,121.687538,10791790,,1
12/27/2018,128.759995,129.5,124.120003,125.019997,118.299957,7077249,,6
12/28/2018,125.199997,127.160004,125.199997,126.019997,119.246208,6398445,,1
1/2/2019,125.5,129.160004,123.5,127.059998,120.230309,4743927,,5
1/3/2019,127.239998,130.259995,126.139999,126.199997,119.416534,4714876,,1
1/4/2019,126.800003,130.880005,126.800003,130.479996,123.466476,4189054,,1
1/7/2019,130.5,131.119995,128.740005,130.580002,123.561104,3067542,,3
1/8/2019,130.600006,135.339996,129.880005,133.899994,126.702652,5367076,,1
1/9/2019,134,135.100006,132.360001,134.479996,127.251472,3557171,,1
1/10/2019,133.460007,137.259995,133,135.179993,127.913841,4967667,,1
1/11/2019,135.419998,136.240005,133.139999,134.839996,127.592117,2535736,,1
1/14/2019,134.059998,136.259995,131.899994,132.059998,124.961555,5114118,,3
1/15/2019,132.199997,133.399994,130.5,131.179993,124.128845,3622707,,1
1/16/2019,131.199997,135.160004,131.139999,133.699997,126.513405,3552398,,1
1/17/2019,133.5,134.220001,132.199997,134.100006,126.891907,2555506,,1
1/18/2019,134.220001,137.460007,134.199997,136.740005,129.389999,4719543,,1
1/21/2019,136.679993,136.679993,134.240005,134.559998,127.327164,2395736,,3
1/22/2019,133.479996,136,133.240005,134.860001,127.611038,1873591,,1
1/23/2019,134.399994,134.460007,132.5,133.139999,125.983498,3634048,,1
1/24/2019,133.139999,134.899994,132.800003,134.160004,126.948677,2690922,,1
1/25/2019,134.5,136.119995,133.119995,134.240005,127.024384,2714842,,1
1/28/2019,134.240005,137.580002,133,133.199997,126.040268,4238450,,3
1/29/2019,133.440002,139.119995,133.240005,138.940002,131.471756,5030157,,1
1/30/2019,138.539993,138.839996,136.039993,137.600006,130.203781,3774113,,1
1/31/2019,132.960007,141.779999,131.259995,140.600006,133.042526,14950851,,1
2/1/2019,139.020004,141.419998,136.619995,141,133.421005,6958143,,1
2/4/2019,140.320007,143.080002,139.800003,141.5,133.894135,3864020,,3
2/5/2019,141.759995,145.899994,141.759995,145.660004,137.830536,4728353,,1
2/6/2019,145.020004,145.839996,141.660004,141.899994,134.272629,5452046,,1
2/7/2019,141.800003,142.240005,137.300003,137.539993,130.146988,8745334,,1
2/8/2019,137,138.699997,135.979996,137.5,130.109146,6031584,,1
2/11/2019,138,140.460007,137.740005,140.419998,132.872192,3193267,,3
2/12/2019,141,142.679993,140.600006,141.639999,134.026611,4549858,,1
2/13/2019,142.119995,142.479996,140.839996,141.300003,133.70488,1943845,,1
2/14/2019,141.800003,141.979996,138.199997,138.419998,130.979691,3586661,,1
2/15/2019,137.479996,138.300003,135.919998,136.380005,129.049347,5697229,,1
2/18/2019,135,137.639999,134.720001,137.039993,129.673859,3252618,,3
2/19/2019,137.300003,138.839996,137.300003,138,130.58226,2745987,,1
2/20/2019,138.179993,140.619995,138.039993,139.940002,132.417984,3431634,,1
2/21/2019,139.940002,141.080002,139.360001,139.639999,132.134109,3647957,,1
2/22/2019,139.940002,141.240005,139.740005,139.960007,132.43692,2318440,,1
2/25/2019,140.020004,140.800003,137.199997,138.259995,130.828293,3081058,,3
2/26/2019,137.919998,140.759995,137.360001,139.539993,132.03949,3668028,,1
2/27/2019,139.380005,139.600006,138.100006,138.360001,130.922928,2045661,,1
2/28/2019,138,139.960007,137.820007,139.779999,132.266586,2795598,,1
3/1/2019,139,139.660004,137.320007,138,130.58226,4861780,,1
3/4/2019,138,139.759995,136.380005,136.380005,129.049347,4437603,,3
3/5/2019,136.380005,137.619995,134.580002,137.419998,130.033432,3241002,,1
3/6/2019,136.759995,137.259995,134.960007,135.240005,127.970619,4101604,,1
3/7/2019,134.880005,136.820007,133.460007,136.160004,128.841171,3638883,,1
3/8/2019,135.199997,136.279999,135.199997,135.899994,128.595139,2105229,,1
3/11/2019,136.300003,138.380005,136.100006,137.979996,130.563339,3078161,,3
3/12/2019,138.399994,138.800003,135.300003,135.419998,128.140945,2881088,,1
3/13/2019,135.419998,138.580002,134.320007,138.199997,130.771515,3450650,,1
3/14/2019,139,143.240005,138.660004,143.039993,135.351349,5366914,,1
3/15/2019,145,145,134.580002,136,128.689774,15037041,,1
3/18/2019,136,138.839996,135.5,137.5,130.109146,6190399,,3
3/19/2019,137.300003,139.740005,136.699997,138.520004,131.074326,3619136,,1
3/20/2019,138.580002,139.860001,138.139999,138.880005,131.414963,2621601,,1
3/21/2019,138.880005,139.279999,136.380005,136.979996,129.617081,3027769,,1
3/22/2019,136.979996,137.080002,135.779999,136.080002,128.765472,2997144,,1
3/25/2019,135.5,138.039993,133.899994,137.880005,130.468719,3256199,,3
3/26/2019,137.860001,137.979996,136.699997,137.199997,129.825272,3846837,,1
3/27/2019,137,140.320007,136.779999,140,132.474762,3689857,,1
3/28/2019,140,141.960007,139.139999,141.479996,133.875214,4572337,,1
3/29/2019,160,163.800003,154.119995,155,146.668488,19855550,,1
4/1/2019,155,155.619995,151.660004,154.460007,146.157532,6038562,,3
4/2/2019,154.460007,155.339996,153.639999,154.5,146.195358,4276287,,1
4/3/2019,154.539993,159.419998,154.539993,159,150.453476,4942136,,1
4/4/2019,159,163.520004,158.779999,162.5,153.76535,6453780,,1
4/5/2019,162.899994,163.919998,162,162.419998,153.689651,3062267,,1
4/8/2019,162.059998,165.539993,161,164.940002,156.074203,4239010,,3
4/9/2019,165.940002,168.5,161.899994,161.899994,153.197601,6433989,,1
4/10/2019,161.600006,164.059998,161.399994,163.119995,154.35202,2639175,,1
4/11/2019,162.940002,163.820007,161.880005,161.940002,153.235458,2910014,,1
4/12/2019,162,162.479996,160.259995,162.179993,153.462555,3298877,,1
4/15/2019,162.179993,163.220001,161.100006,162.520004,153.784286,3200923,,3
4/16/2019,162.520004,164.860001,162.5,164.300003,155.468597,3283409,,1
4/17/2019,164.240005,166.199997,163.639999,165.520004,156.623032,2423983,,1
4/18/2019,164.679993,167.639999,164.419998,167.160004,158.174866,1968447,,1
4/23/2019,167.5,167.639999,164.300003,165,156.130966,3488871,,5
4/24/2019,165.960007,166.199997,163.360001,164.479996,155.638916,3493101,,1
4/25/2019,164.5,167.820007,164.139999,167.460007,158.458755,3516806,,1
4/26/2019,167.460007,168.600006,166.339996,167.759995,158.742615,2384547,,1
4/29/2019,167.759995,167.759995,165.520004,166.399994,157.455719,2340853,,3
4/30/2019,166,168.399994,165.580002,165.580002,156.679794,1903112,,1
5/2/2019,165.559998,168.360001,165.399994,168.059998,159.026489,3777264,,2
5/3/2019,167.880005,171.240005,167.039993,169.960007,160.824371,3399999,,1
5/6/2019,168.320007,168.559998,164.740005,167.899994,158.875092,2265848,,3
5/7/2019,168.059998,169.419998,165.720001,166.440002,157.493576,3317267,,1
5/8/2019,162,163.179993,160.699997,161.979996,157.922546,3613192,,1
5/9/2019,160,161.960007,157.940002,158.740005,154.763718,3017919,,1
5/10/2019,159.720001,160.020004,158.199997,158.960007,154.97821,2325100,,1
5/13/2019,158.899994,158.899994,154.880005,155.020004,151.136887,2635853,,3
5/14/2019,155,157.580002,153.520004,157.460007,153.515778,7338962,,1
5/15/2019,158.220001,158.600006,156.899994,158,154.042236,2556665,,1
5/16/2019,157.759995,160,157.020004,159.899994,155.894638,3863610,,1
5/17/2019,159.5,160.5,157.100006,160,155.992142,3561544,,1
5/20/2019,160,160.300003,155,155.419998,151.526871,2964617,,3
5/21/2019,156.399994,156.399994,154.360001,155.800003,151.897354,4019593,,1
5/22/2019,156,156.279999,152.800003,153.639999,149.791458,4416658,,1
5/23/2019,152.259995,152.440002,147.779999,148.059998,144.351227,4954788,,1
5/24/2019,148.080002,151.419998,147.820007,150.5,146.730118,5047059,,1
5/27/2019,151.660004,151.899994,149.860001,150.899994,147.120087,1608209,,3
5/28/2019,150.899994,152.5,149.399994,151.899994,148.095032,9134903,,1
5/29/2019,150.080002,151.119995,149.880005,150,146.24263,1688917,,1
5/31/2019,148.380005,148.639999,141.5,142,138.443024,7348398,,2
6/3/2019,141.600006,143.720001,140.059998,143.720001,140.119949,3737586,,3
6/4/2019,142.820007,146.820007,141.520004,146.660004,142.986298,4217775,,1
6/5/2019,145.860001,147.660004,145.119995,147.660004,143.961258,3801264,,1
6/7/2019,147.179993,150.380005,147.179993,149.440002,145.696671,3599796,,2
6/11/2019,150,151.5,148.940002,151.5,147.705063,3058685,,4
6/12/2019,150.880005,153.259995,150.559998,152.679993,148.855499,2439137,,1
6/13/2019,152.539993,153.160004,150.919998,152.020004,148.212036,3179364,,1
6/14/2019,152,154.960007,150.139999,154.039993,150.181427,2964870,,1
6/18/2019,147.800003,151.139999,146.639999,150.5,146.730118,3639331,,4
6/19/2019,150.5,150.619995,147.160004,147.360001,143.668762,3958768,,1
6/20/2019,148.539993,149.179993,146.179993,147.160004,143.473785,5607187,,1
6/24/2019,146.740005,149.320007,146.600006,146.660004,142.986298,3188790,,4
6/25/2019,146.419998,147.059998,145.179993,145.179993,141.543365,2184574,,1
6/26/2019,145,146.240005,144.059998,145.160004,141.52388,2633990,,1
6/27/2019,155,165.880005,155,165,160.866898,15001364,,1
6/28/2019,165,170.339996,163.839996,165.360001,161.21788,7490661,,1
7/1/2019,167.660004,168.139999,164.199997,166,161.841858,3819276,,3
7/2/2019,166.339996,168.419998,165.100006,167.179993,162.992279,4435615,,1
7/3/2019,167.520004,168.199997,165.539993,165.539993,161.393372,2840717,,1
7/4/2019,165.5,166.779999,164.820007,165.960007,161.802856,1508468,,1
7/5/2019,167.419998,168.360001,165.520004,168.119995,163.908737,2688846,,1
7/8/2019,168.100006,170.160004,168.100006,169.600006,165.351685,2827793,,3
7/9/2019,169.720001,171.940002,168.979996,169.699997,165.449173,3724744,,1
7/10/2019,169.699997,171.600006,168.699997,170,165.741653,3111413,,1
7/11/2019,170,171.339996,169.619995,170.039993,165.78064,1727428,,1
7/12/2019,170,171.399994,169.479996,170,165.741653,2035558,,1
7/15/2019,170,170.399994,168.419998,169.5,165.254181,1649863,,3
7/16/2019,169.5,170.660004,168.679993,169.779999,165.527161,1667629,,1
7/17/2019,169.860001,171.139999,168.160004,168.160004,163.947754,2240490,,1
7/18/2019,168.179993,168.179993,165.479996,166.619995,162.44632,2120352,,1
7/19/2019,166.979996,168.919998,166.619995,168.679993,164.454712,1944535,,1
7/22/2019,168.600006,171.339996,167.899994,168.360001,164.142731,2817584,,3
7/23/2019,169,170.220001,168.220001,169.300003,165.059189,1847709,,1
7/24/2019,169.580002,169.639999,167.539993,168.039993,163.83075,1621327,,1
7/25/2019,168.539993,170.419998,167.479996,169.279999,165.039688,1990701,,1
7/26/2019,169.5,170.940002,168.699997,170.460007,166.19014,1608098,,1
7/29/2019,170.160004,171.899994,168.5,170.320007,166.05365,2036334,,3
7/30/2019,170.880005,170.880005,167.220001,168,163.791748,2022834,,1
7/31/2019,167.539993,169.820007,167.080002,168.660004,164.435226,1864548,,1
8/1/2019,168.119995,174.100006,167.699997,172.820007,168.491028,3117572,,1
8/2/2019,169,169.759995,166.320007,166.899994,162.719299,3490514,,1
8/6/2019,163.5,165.460007,161.860001,163.139999,159.053497,2344957,,4
8/7/2019,164,166.339996,163.440002,165.300003,161.159393,2450519,,1
8/8/2019,167.320007,171.199997,167.320007,169.699997,165.449173,3353588,,1
8/9/2019,169.699997,171.539993,169.179993,170.279999,166.014633,2531473,,1
8/12/2019,170.440002,172.259995,168.899994,169.300003,165.059189,1845049,,3
8/13/2019,168.979996,174.179993,168.020004,171.619995,167.321075,4298902,,1
8/14/2019,171.740005,171.759995,166.300003,166.460007,162.290329,2952973,,1
8/15/2019,166.539993,167.639999,163.179993,165.600006,161.451874,3209436,,1
8/16/2019,165.979996,169.160004,165.520004,168.419998,164.201233,2890797,,1
8/19/2019,169.440002,175.839996,169.399994,174.820007,170.440918,4699920,,3
8/20/2019,175,177.399994,174.979996,175.220001,170.830902,4134967,,1
8/21/2019,175.220001,178.460007,175.220001,177.600006,173.151291,2963748,,1
8/22/2019,177.679993,180.380005,177.100006,178.660004,174.184738,3763203,,1
8/23/2019,179.300003,180.919998,177.619995,177.940002,173.482773,2956511,,1
8/26/2019,176.259995,180.800003,175.619995,179.979996,175.471664,2906243,,3
8/27/2019,180.199997,180.940002,178.419998,180.300003,175.783646,2271539,,1
8/28/2019,185.639999,189.479996,185.020004,188.240005,183.524765,7585788,,1
8/29/2019,188.240005,190.100006,183.899994,187.460007,182.764297,4901525,,1
8/30/2019,187.5,191.100006,186.539993,187.979996,183.271271,3661595,,1
9/2/2019,187.820007,188.639999,185.559998,186.059998,181.399368,2015729,,3
9/3/2019,185,186.440002,180.399994,186.440002,181.769852,2915368,,1
9/4/2019,187.539993,188.320007,185.020004,185.539993,180.89238,2255279,,1
9/5/2019,186.479996,187.759995,184,187.380005,182.68631,3013618,,1
9/6/2019,187.839996,191.440002,187.320007,191.100006,186.313126,3156040,,1
9/9/2019,191.100006,191.699997,188.199997,189,184.265717,2515095,,3
9/10/2019,188.820007,192.899994,188.820007,192.899994,188.068024,3888527,,1
9/11/2019,193.279999,193.279999,187.899994,188.479996,183.758743,3227760,,1
9/12/2019,188.660004,190.139999,187.679993,189.619995,184.870193,4247552,,1
9/13/2019,189.619995,190.259995,187.919998,190.240005,185.47467,2639865,,1
9/16/2019,187,188.059998,182.860001,184.899994,180.268417,5500942,,3
9/17/2019,185.100006,188.639999,184.660004,185.899994,181.243362,3409944,,1
9/18/2019,185.899994,187.800003,185.539993,187.199997,182.510803,1602646,,1
9/19/2019,187.199997,189.479996,186.960007,189.119995,184.382706,2764735,,1
9/20/2019,189.820007,190.5,188.520004,189.020004,184.285233,3909797,,1
9/23/2019,188.860001,188.899994,185.220001,186.5,181.828339,2664389,,3
9/24/2019,187,188.5,186.580002,187.339996,182.647293,2194437,,1
9/25/2019,187.339996,187.899994,185.740005,187.699997,182.998276,2916442,,1
9/26/2019,187.279999,189.759995,186.940002,189.119995,184.382706,1640310,,1
9/27/2019,189.5,194.860001,189.360001,192.059998,187.249069,2962613,,1
9/30/2019,192,192.240005,190.339996,190.839996,186.059631,2874394,,3
10/1/2019,191,192.460007,188.940002,190.080002,185.318665,4095376,,1
10/2/2019,189.619995,189.940002,182.919998,184.440002,179.819946,4631720,,1
10/3/2019,188.100006,198.199997,186.139999,191.660004,186.8591,13596166,,1
10/4/2019,194.940002,194.940002,187,192.699997,187.873032,5977953,,1
10/7/2019,193.399994,201.550003,193.399994,200.25,195.233917,7396827,,3
10/8/2019,200,200,196.979996,199.800003,194.795197,4009387,,1
10/9/2019,199.220001,200.800003,197.380005,200.699997,195.672638,3363980,,1
10/10/2019,200,202.5,198.259995,202.300003,197.232574,2918774,,1
10/11/2019,202.600006,202.899994,198.960007,199.960007,194.951187,3405502,,1
10/14/2019,200,204.699997,199.800003,203.949997,198.841232,3155509,,3
10/15/2019,204.899994,207.649994,204.649994,206.5,201.327362,3632461,,1
10/16/2019,207,208.800003,206.050003,207.050003,201.863586,3193580,,1
10/17/2019,206.149994,208.149994,203.699997,205.350006,200.206177,2973477,,1
10/18/2019,205,207.449997,204.800003,206.649994,201.473602,3157227,,1
10/21/2019,206.649994,207.100006,203.800003,203.800003,198.694992,2533648,,3
10/22/2019,204.149994,207.899994,202.649994,207.550003,202.351059,2642427,,1
10/23/2019,205.699997,208.100006,204.350006,207.899994,202.692291,1946929,,1
10/24/2019,207.699997,207.75,204.800003,206.399994,201.229858,1899434,,1
10/25/2019,206.399994,206.850006,204.949997,205.5,200.352417,1586978,,1
10/28/2019,205.550003,207.75,204.449997,207,201.814835,2069996,,3
10/29/2019,206.449997,206.5,203.800003,204.649994,199.523697,2977514,,1
10/30/2019,204.5,204.899994,202.649994,204,198.889984,2105000,,1
10/31/2019,204,204.199997,200.5,201.75,196.69635,2888484,,1
11/1/2019,201.75,202.100006,200.949997,201.399994,196.355103,292537,,1
11/4/2019,202.5,203,200.649994,201.5,196.452606,2746787,,3
11/5/2019,201.5,201.5,197.259995,198.679993,193.703247,3114572,,1
11/6/2019,199,199.179993,196.600006,197.440002,192.494308,4338028,,1
11/7/2019,198.460007,200.100006,195.660004,195.660004,190.758896,4009726,,1
11/8/2019,195.279999,196.619995,192.860001,193.619995,188.769989,4687563,,1
11/11/2019,189.320007,190.080002,185.059998,187.5,187.5,5855483,,3
11/12/2019,187.5,189.339996,186.399994,188.740005,188.740005,3181447,,1
11/13/2019,188.759995,189.360001,187.419998,188.100006,188.100006,2199374,,1
11/14/2019,188.240005,188.600006,184.240005,185,185,3445316,,1
11/15/2019,185.460007,186.419998,183.619995,185.080002,185.080002,3373281,,1
11/18/2019,185,185.960007,183.800003,185.160004,185.160004,2079469,,3
11/19/2019,185.259995,186.580002,183.059998,183.279999,183.279999,2521051,,1
11/20/2019,182.559998,182.699997,179.520004,179.860001,179.860001,4961482,,1
11/21/2019,179.5,182.779999,178.5,181.600006,181.600006,4617722,,1
11/22/2019,181.119995,182.139999,180.399994,182.139999,182.139999,2807772,,1
11/25/2019,182.160004,185.779999,182.139999,184.5,184.5,2442937,,3
11/26/2019,184.520004,185,182.660004,183.119995,183.119995,3731382,,1
11/27/2019,184,184.679993,181.679993,183.919998,183.919998,4172064,,1
11/28/2019,183.020004,184.460007,182.919998,183.580002,183.580002,949381,,1
11/29/2019,183.139999,186.619995,182.880005,184.839996,184.839996,3191500,,1
12/2/2019,184.660004,187.360001,182.199997,182.380005,182.380005,4392340,,3
12/3/2019,184.240005,187.800003,184.240005,185.199997,185.199997,4273732,,1
12/4/2019,185.279999,189.279999,184.520004,189.199997,189.199997,3571311,,1
12/5/2019,189.779999,191.779999,188.539993,191,191,4115803,,1
12/6/2019,191,192.539993,190.679993,191.779999,191.779999,2572092,,1
12/9/2019,191.639999,195.300003,191.300003,193.899994,193.899994,3430700,,3
12/10/2019,193,193,188.320007,191.5,191.5,3929451,,1
12/11/2019,191.5,193.580002,191.139999,193.279999,193.279999,3733447,,1
12/12/2019,193.580002,193.600006,189.940002,191.899994,191.899994,2864220,,1
12/13/2019,193.279999,193.979996,189.699997,190.619995,190.619995,4009759,,1
12/16/2019,190.600006,195.559998,188.619995,194.779999,194.779999,4314730,,3
12/17/2019,194,194.399994,189.479996,191.800003,191.800003,4608516,,1
12/18/2019,191.419998,193.080002,190.520004,192.860001,192.860001,2151921,,1
12/19/2019,192.5,193.600006,191.199997,192.699997,192.699997,2271727,,1
12/20/2019,192.699997,193.699997,191.820007,192.940002,192.940002,3039747,,1
12/23/2019,192.679993,193.440002,191.160004,192.460007,192.460007,1663638,,3
12/27/2019,192.5,193.539993,192.139999,193.5,193.5,1577404,,4
12/30/2019,193.399994,194.139999,190.020004,190.479996,190.479996,1961912,,3
1/2/2020,189.960007,194,189.800003,192.800003,192.800003,2217514,,3
1/3/2020,191.699997,191.699997,189.300003,190.179993,190.179993,1978875,,1
1/7/2020,189.660004,194.919998,189.419998,192.899994,192.899994,3340628,,4
1/8/2020,191.419998,193.300003,189.320007,192.5,192.5,2599853,,1
1/9/2020,193.300003,193.899994,188.559998,190.039993,190.039993,3694269,,1
1/10/2020,190.179993,190.660004,183.880005,185.039993,185.039993,5080619,,1
1/13/2020,185.039993,186.380005,184.699997,185.179993,185.179993,2777684,,3
1/14/2020,185,186.220001,183.240005,184.800003,184.800003,2506885,,1
1/15/2020,185.199997,185.679993,182.020004,183.199997,183.199997,4033902,,1
1/16/2020,183.479996,186.360001,183.479996,184.860001,184.860001,2744142,,1
1/17/2020,185,185.720001,183.679993,184.979996,184.979996,3494519,,1
1/20/2020,184.979996,184.979996,183.839996,184.199997,184.199997,2149292,,3
1/21/2020,183.119995,185.660004,181.899994,185.660004,185.660004,1934108,,1
1/22/2020,186.139999,187.899994,185.5,186.539993,186.539993,2884566,,1
1/23/2020,186.179993,189.820007,186.119995,187.759995,187.759995,3006940,,1
1/24/2020,188.800003,191.380005,188.679993,188.940002,188.940002,2038574,,1
1/27/2020,186.580002,188.080002,183.839996,184.600006,184.600006,2585983,,3
1/28/2020,185,190.660004,185,189.639999,189.639999,3179852,,1
1/29/2020,190,191.199997,188.559998,189.660004,189.660004,3800824,,1
1/30/2020,205,208.949997,201.899994,207.550003,207.550003,17760277,,1
1/31/2020,208,214.350006,207.350006,211.649994,211.649994,7529461,,1
2/3/2020,211.600006,212.649994,206.600006,208.350006,208.350006,4359652,,3
2/4/2020,209.75,211.399994,209.050003,210,210,2976452,,1
2/5/2020,210.149994,210.550003,207.050003,207.600006,207.600006,2973338,,1
2/6/2020,208.199997,209.600006,207.649994,208.850006,208.850006,2610285,,1
2/7/2020,208.800003,208.800003,203.550003,204,204,3173997,,1
2/10/2020,203.300003,204.800003,200.649994,204.300003,204.300003,3680721,,3
2/11/2020,204.699997,205.350006,202.550003,204.100006,204.100006,2707579,,1
2/12/2020,202.949997,204.949997,201.25,203.899994,203.899994,4386539,,1
2/13/2020,203.449997,204,199.339996,202.199997,202.199997,5812876,,1
2/14/2020,202.100006,205.449997,202.100006,204.5,204.5,4014583,,1
2/17/2020,204.850006,205.300003,203.550003,204.5,204.5,1672599,,3
2/18/2020,203.850006,205.149994,201.75,201.75,201.75,3031333,,1
2/19/2020,202.800003,204.75,201.100006,202.850006,202.850006,3132548,,1
2/20/2020,203.300003,203.899994,201.25,203.899994,203.899994,2807538,,1
2/21/2020,203.25,207.149994,203.050003,204.25,204.25,3529216,,1
2/24/2020,199.660004,199.759995,189.800003,191.100006,191.100006,7326085,,3
2/25/2020,191.779999,193.940002,186.740005,187.320007,187.320007,4689628,,1
2/26/2020,186.5,187.419998,181.660004,186.539993,186.539993,4467024,,1
2/27/2020,185.580002,186,175.979996,180.479996,180.479996,7612560,,1
2/28/2020,174.600006,177.279999,171.600006,173.360001,173.360001,8229915,,1
3/2/2020,176.080002,179.160004,170.440002,174.600006,174.600006,6391303,,3
3/3/2020,176.919998,178.619995,173.940002,175.460007,175.460007,5486390,,1
3/4/2020,175.759995,179.919998,174.020004,177.820007,177.820007,6041756,,1
3/5/2020,179.259995,179.539993,171.259995,172.720001,172.720001,4980960,,1
3/6/2020,170,170.300003,164.699997,166.039993,166.039993,5792517,,1
3/9/2020,150.039993,161.759995,149.960007,160.899994,160.899994,8573211,,3
3/10/2020,162,164.460007,156.660004,157.360001,157.360001,5511891,,1
3/11/2020,158.259995,159.940002,149.899994,150,150,7382497,,1
3/12/2020,141.5,144.740005,130.800003,131.899994,131.899994,12375393,,1
3/13/2020,134.399994,143.580002,130.660004,134.020004,134.020004,11173898,,1
3/16/2020,120,124.779999,114.940002,119.739998,119.739998,9826517,,3
3/17/2020,121.760002,124.599998,109.379997,114.940002,114.940002,8911378,,1
3/18/2020,109,109,98.129997,105.879997,105.879997,12724057,,1
3/19/2020,106.139999,116.440002,102.440002,113.32,113.32,9522730,,1
3/20/2020,119.300003,123.779999,112.620003,113.239998,113.239998,8221134,,1
3/23/2020,107.919998,112,105.300003,108.779999,108.779999,9203356,,3
3/24/2020,120.620003,123.160004,113.879997,123.160004,123.160004,8847096,,1
3/25/2020,126.139999,134.380005,121.559998,134.039993,134.039993,9958580,,1
3/26/2020,130.399994,132.559998,124.699997,130,130,7885709,,1
3/27/2020,128.380005,130.039993,123,123,123,5829048,,1
3/30/2020,123.480003,123.800003,119.199997,122.260002,122.260002,7074777,,3
3/31/2020,125,130.139999,124.300003,128,128,14738943,,1
4/1/2020,125,126.5,121.650002,123.050003,123.050003,6958119,,1
4/2/2020,123.900002,123.949997,115.099998,115.099998,115.099998,10098781,,1
4/3/2020,126,128,112.699997,114,114,16224974,,1
4/6/2020,120.099998,126.150002,118.199997,126,126,9963435,,3
4/7/2020,129.899994,139.649994,129.199997,134.949997,134.949997,10788304,,1
4/8/2020,133.800003,140,131.699997,137.25,137.25,6025179,,1
4/9/2020,140.699997,142.850006,134.699997,136.5,136.5,3420708,,1
4/14/2020,140.5,142.050003,136.550003,139.300003,139.300003,5430619,,5
4/15/2020,139.649994,140,133.199997,133.899994,133.899994,4990344,,1
4/16/2020,134.300003,135,127.650002,128.449997,128.449997,6476777,,1
4/17/2020,133.100006,137.850006,133,135.449997,135.449997,6395138,,1
4/20/2020,137,137.600006,132.149994,135.5,135.5,3204996,,3
4/21/2020,133.25,134.800003,129.649994,129.899994,129.899994,3715003,,1
4/22/2020,130.649994,131.449997,126.599998,128.050003,128.050003,4187449,,1
4/23/2020,128.850006,129.300003,126.849998,128.449997,128.449997,3630573,,1
4/24/2020,126.800003,128.350006,124.75,124.75,124.75,4354235,,1
4/27/2020,126.599998,130.199997,126.349998,129.600006,129.600006,3759532,,3
4/28/2020,130.100006,135.350006,129.050003,133.100006,133.100006,4893905,,1
4/29/2020,132.5,141.25,131.350006,141,141,7147845,,1
4/30/2020,141,142.050003,136.199997,136.199997,136.199997,3410615,,1
5/4/2020,131.850006,131.850006,127.099998,127.849998,127.849998,8049007,,4
5/5/2020,130,131.949997,126.099998,126.650002,126.650002,5569750,,1
5/6/2020,126.75,128.600006,123.800003,127,127,4528762,,1
5/7/2020,128.199997,132.5,127.449997,130.850006,130.850006,8132652,,1
5/8/2020,131.5,132.800003,130.149994,132.449997,132.449997,3845512,,1
5/11/2020,130.899994,133.050003,128.149994,130.75,130.75,6062269,,3
5/12/2020,130.300003,133.199997,129.550003,132,132,4508420,,1
5/13/2020,130.600006,130.699997,123.699997,123.699997,123.699997,6182310,,1
5/14/2020,123,123.400002,117.650002,119.599998,119.599998,6207579,,1
5/15/2020,120.650002,123,117.949997,119.949997,119.949997,4983520,,1
5/18/2020,122,129.149994,122,129.149994,129.149994,6297300,,3
5/19/2020,131.350006,132.25,127.949997,131.25,131.25,5928876,,1
5/20/2020,130.949997,130.949997,127.5,128.5,128.5,2352826,,1
5/22/2020,127.5,131.149994,125.599998,129.25,129.25,3655862,,2
5/25/2020,130.449997,131.550003,129.699997,131.199997,131.199997,2568775,,3
5/26/2020,132.5,135.199997,132.300003,134.100006,134.100006,4451341,,1
5/27/2020,134.199997,145.350006,133.600006,143.149994,143.149994,8489200,,1
5/28/2020,144.199997,146.399994,141.800003,146.399994,146.399994,6768820,,1
5/29/2020,144.800003,145.25,142.050003,142.149994,142.149994,7283969,,1
6/1/2020,145.199997,148,142.899994,148,148,4488481,,3
6/2/2020,149.100006,155.300003,147.899994,153.899994,153.899994,7375676,,1
6/3/2020,156,159.600006,155.100006,157.199997,157.199997,7636042,,1
6/4/2020,157.199997,158.800003,154.25,156.550003,156.550003,5616084,,1
6/5/2020,158.199997,168.350006,157.949997,168.25,168.25,8256634,,1
6/8/2020,167.800003,168.399994,163.399994,166,166,8046467,,3
6/9/2020,167,167.5,157.649994,159.699997,159.699997,6835916,,1
6/10/2020,159.100006,162.449997,154.550003,155.399994,155.399994,6359137,,1
6/11/2020,150.350006,150.600006,144.5,144.600006,144.600006,7558708,,1
6/12/2020,142,149.800003,142,143.850006,143.850006,5686719,,1
6/15/2020,140.550003,145.25,139,144.350006,144.350006,6421836,,3
6/16/2020,150.449997,150.899994,146.5,148.350006,148.350006,6772366,,1
6/17/2020,148.850006,150.449997,144.300003,146.399994,146.399994,5909845,,1
6/18/2020,146.100006,146.399994,143.699997,144.149994,144.149994,5386562,,1
6/22/2020,142.850006,143.350006,139.550003,140,140,4999266,,4
6/23/2020,141.699997,146.75,141.649994,145.149994,145.149994,4762710,,1
6/24/2020,145.149994,147,141.649994,141.850006,141.850006,4062945,,1
6/25/2020,141.399994,146,139.25,145.050003,145.050003,4976202,,1
6/26/2020,146,146.850006,137.050003,137.050003,137.050003,8812371,,1
6/29/2020,137.050003,138.949997,133.75,135.5,135.5,5982375,,3
6/30/2020,135.100006,136.100006,132.399994,135,135,6238244,,1
7/1/2020,134.550003,138.399994,132.25,135.699997,135.699997,7561730,,1
7/2/2020,137.050003,141.5,136.5,140.75,140.75,5139393,,1
7/3/2020,141.800003,143.100006,140.800003,141.5,141.5,3869309,,1
7/6/2020,144,145.449997,141.699997,142.550003,142.550003,3784119,,3
7/7/2020,141.5,141.5,139.300003,140.050003,140.050003,4276696,,1
7/8/2020,138.899994,139.300003,137.300003,137.899994,137.899994,4694797,,1
7/9/2020,139.100006,139.850006,136.5,136.550003,136.550003,4486007,,1
7/10/2020,135.649994,138.350006,135.100006,137.649994,137.649994,4630061,,1
7/13/2020,138.550003,140,137.149994,140,140,4338200,,3
7/14/2020,138.25,138.449997,135.350006,135.5,135.5,5610440,,1
7/15/2020,137,139.75,135.75,139.5,139.5,5242810,,1
7/16/2020,139,139.449997,136.949997,136.949997,136.949997,4063846,,1
7/17/2020,137.149994,137.699997,134.800003,135.449997,135.449997,5061019,,1
7/20/2020,135.399994,136.399994,133.600006,134.75,134.75,4223933,,3
7/21/2020,135.699997,138.050003,135.350006,136.899994,136.899994,4562267,,1
7/22/2020,136.850006,137.100006,134.050003,135.399994,135.399994,3865626,,1
7/23/2020,136.100006,137.149994,135.600006,136.199997,136.199997,3178469,,1
7/24/2020,134.449997,135.5,133.350006,135,135,3985550,,1
7/27/2020,135.149994,136.5,133.199997,135.149994,135.149994,3866020,,3
7/28/2020,135.5,136.899994,134,136.449997,136.449997,3254539,,1
7/29/2020,136.800003,138.800003,135.649994,138.550003,138.550003,3700708,,1
7/30/2020,138.550003,138.550003,132.550003,132.550003,132.550003,4776139,,1
7/31/2020,133.199997,138,132.850006,135.850006,135.850006,6712070,,1
8/3/2020,136.800003,137.399994,134.300003,135.899994,135.899994,4072640,,3
8/4/2020,136.75,139.100006,135.75,137.300003,137.300003,5615311,,1
8/5/2020,138.199997,142.100006,137.699997,141.449997,141.449997,5807927,,1
8/6/2020,141.449997,141.600006,138.100006,138.699997,138.699997,4137579,,1
8/7/2020,138.5,138.949997,136.699997,138.300003,138.300003,3416679,,1
8/10/2020,140,144.600006,139.399994,144.600006,144.600006,5240117,,3
8/11/2020,146.149994,151.199997,146.149994,150.800003,150.800003,8433876,,1
8/12/2020,150.5,151.550003,147.850006,148,148,4558323,,1
8/13/2020,148,150.399994,146.600006,149.199997,149.199997,3766148,,1
8/14/2020,149.050003,149.050003,143.449997,143.800003,143.800003,5396625,,1
8/17/2020,143.850006,145.149994,142.100006,143.75,143.75,2790113,,3
8/18/2020,142.850006,144.25,140.199997,140.399994,140.399994,4222679,,1
8/19/2020,140.800003,142.199997,139.800003,141.600006,141.600006,2655991,,1
8/20/2020,139.75,140.199997,138.050003,138.5,138.5,4355260,,1
8/21/2020,139.199997,139.699997,136.800003,138.300003,138.300003,3499863,,1
8/24/2020,139.449997,143.5,139.449997,143.5,143.5,4699613,,3
8/25/2020,144.449997,146.449997,142.600006,143.5,143.5,4007203,,1
8/26/2020,142.449997,143.75,141.699997,142.850006,142.850006,2779859,,1
8/27/2020,143,143.199997,140.350006,142.199997,142.199997,2761988,,1
8/28/2020,142.199997,142.699997,140.350006,140.5,140.5,4054412,,1
8/31/2020,141.25,141.699997,137.899994,137.899994,137.899994,3518048,,3
9/1/2020,138,138.850006,134.25,135.300003,135.300003,6627536,,1
9/2/2020,135.850006,138.5,135.699997,136.399994,136.399994,5301922,,1
9/3/2020,138.5,142.5,137.899994,138.850006,138.850006,6048829,,1
9/4/2020,138.75,141,136.899994,137.600006,137.600006,3997993,,1
9/7/2020,139.149994,142.350006,139.149994,142.199997,142.199997,3586846,,3
9/8/2020,142.100006,144.600006,141.5,143.800003,143.800003,5209389,,1
9/9/2020,143.300003,143.600006,140.449997,141.199997,141.199997,4109948,,1
9/10/2020,141.5,144.25,140.149994,142.949997,142.949997,4562879,,1
9/11/2020,142.5,144.399994,142.050003,143,143,3130904,,1
9/14/2020,140.75,143.699997,138.199997,142.75,142.75,7746237,,3
9/15/2020,160,162.350006,156.649994,158.149994,158.149994,19927694,,1
9/16/2020,161,165.5,159.800003,160.550003,160.550003,8124982,,1
9/17/2020,159,160.949997,158.149994,160.550003,160.550003,4484133,,1
9/18/2020,160.350006,160.350006,157.300003,157.850006,157.850006,5188908,,1
9/21/2020,157.100006,157.100006,148.550003,149.199997,149.199997,6845613,,3
9/22/2020,150,150.949997,148.149994,148.75,148.75,4895289,,1
9/23/2020,150.350006,153.300003,149.100006,149.800003,149.800003,3816417,,1
9/24/2020,148,148.850006,145.75,146.600006,146.600006,4012228,,1
9/25/2020,147.100006,148.350006,144.850006,147.199997,147.199997,4393263,,1
9/28/2020,149.199997,152.800003,149.199997,152.600006,152.600006,4448680,,3
9/29/2020,153,155.949997,152.449997,154.050003,154.050003,4338822,,1
9/30/2020,154.050003,156.449997,152.100006,154.75,154.75,5194365,,1
10/1/2020,160.149994,167.550003,160.100006,164.149994,164.149994,12460324,,1
10/2/2020,164.5,164.899994,158.75,161.800003,161.800003,5907838,,1
10/5/2020,163.899994,164.649994,160.550003,160.550003,160.550003,4185315,,3
10/6/2020,161.899994,164.449997,160.350006,163.350006,163.350006,4739968,,1
10/7/2020,162.5,164.25,162,164.199997,164.199997,3547054,,1
10/8/2020,165.550003,165.75,163.75,163.850006,163.850006,2684778,,1
10/9/2020,164,164.350006,161.149994,161.850006,161.850006,3166009,,1
10/12/2020,161.850006,161.899994,159.75,160.149994,160.149994,2922482,,3
10/13/2020,160.149994,160.5,156.899994,157.300003,157.300003,3179479,,1
10/14/2020,157.800003,159.050003,156,158.449997,158.449997,2754351,,1
10/15/2020,157.100006,157.100006,152.649994,153.300003,153.300003,4645122,,1
10/16/2020,154.399994,156.149994,152.75,154.75,154.75,3774554,,1
10/19/2020,155.800003,158.300003,155.399994,157.100006,157.100006,2442389,,3
10/20/2020,156.199997,159.800003,155.050003,158.649994,158.649994,2972913,,1
10/21/2020,158.649994,158.699997,154.75,155.149994,155.149994,3172547,,1
10/22/2020,154.25,158.199997,153,158.199997,158.199997,3806776,,1
10/23/2020,158.300003,160.300003,157.399994,158.050003,158.050003,2575608,,1
10/26/2020,155.5,156.399994,152.899994,153.5,153.5,3763587,,3
10/27/2020,153.5,153.75,147.5,148.449997,148.449997,4381167,,1
10/28/2020,145,145.399994,140.5,142.600006,142.600006,7737042,,1
10/29/2020,142.050003,143.850006,138.75,142.300003,142.300003,4746750,,1
10/30/2020,140.550003,144.899994,140.550003,144.600006,144.600006,2629800,,1
11/2/2020,144.699997,145.149994,140.800003,143.600006,143.600006,3722968,,3
11/3/2020,144,149.399994,143.949997,149.399994,149.399994,3366791,,1
11/4/2020,146.149994,149.600006,145.149994,148.5,148.5,4621171,,1
11/5/2020,149.699997,154.350006,148.550003,154.050003,154.050003,3956362,,1
11/6/2020,153.699997,154.550003,150.350006,154.350006,154.350006,3116648,,1
11/9/2020,156,178.949997,155.800003,169.600006,169.600006,15900301,,3
11/10/2020,168.600006,175.899994,166.5,175,175,8458638,,1
11/11/2020,174.899994,175.899994,170.100006,171.899994,171.899994,3983944,,1
11/12/2020,170.050003,171.449997,166.300003,168.050003,168.050003,4757671,,1
11/13/2020,166.699997,169.25,165.649994,168.449997,168.449997,4147428,,1
11/16/2020,169.449997,174.600006,169.050003,173.449997,173.449997,5014734,,3
11/17/2020,173.449997,173.5,168.949997,171.550003,171.550003,4125606,,1
11/18/2020,171.550003,174.800003,170.649994,174.350006,174.350006,3612044,,1
11/19/2020,169.25,174.199997,168.800003,173,173,3444911,,1
11/20/2020,172.949997,176.850006,172.350006,175.350006,175.350006,4182610,,1
11/23/2020,175.649994,178.100006,175.300003,176.25,176.25,2717167,,3
11/24/2020,180.550003,188.149994,180.550003,188.050003,188.050003,7880705,,1
11/25/2020,188.050003,188.899994,185.5,186,186,4235002,,1
11/26/2020,186,186.5,183.75,184.850006,184.850006,1914578,,1
11/27/2020,184.600006,186.199997,182.25,182.649994,182.649994,2859231,,1
11/30/2020,181.800003,182.75,178.699997,181.600006,181.600006,6152805,,3
12/1/2020,182,186.449997,181.550003,185.75,185.75,3415614,,1
12/2/2020,185,185.449997,183.399994,184.199997,184.199997,2328252,,1
12/3/2020,184.350006,186.300003,183.800003,186.149994,186.149994,3238213,,1
12/4/2020,186.149994,188.449997,185.600006,187.850006,187.850006,2290450,,1
12/7/2020,187.899994,189.399994,187.25,188.5,188.5,3903985,,3
12/8/2020,187.5,187.949997,184.600006,187,187,3031870,,1
12/9/2020,187.300003,188.100006,185.75,186.350006,186.350006,3883215,,1
12/10/2020,186.5,186.699997,184.699997,186.149994,186.149994,3996555,,1
12/11/2020,185.449997,186.350006,180.449997,181.949997,181.949997,4672443,,1
12/14/2020,181.649994,185.5,181.149994,183,183,4213236,,3
12/15/2020,181.149994,184.800003,175.050003,177.699997,177.699997,6637701,,1
12/16/2020,176.25,179.100006,175.350006,177.399994,177.399994,3932908,,1
12/17/2020,177.899994,178.850006,176.600006,177.850006,177.850006,2305606,,1
12/18/2020,177.699997,177.699997,173.399994,173.800003,173.800003,4646740,,1
12/21/2020,169.800003,170.949997,167,169,169,3916968,,3
12/22/2020,169.300003,171.600006,168.75,171.600006,171.600006,2080233,,1
12/23/2020,171.600006,172.600006,170.300003,172.5,172.5,1332813,,1
12/28/2020,172.899994,172.949997,170.25,172.5,172.5,1999654,,5
12/29/2020,172.550003,177.399994,172.550003,174.050003,174.050003,2645356,,1
12/30/2020,null,null,null,null,null,null,,1
1/4/2021,172.649994,174.800003,169.350006,171,171,3570441,,5
1/5/2021,168.550003,172.5,168.300003,170.800003,170.800003,1554905,,1
1/7/2021,174,177.399994,172.5,177.399994,177.399994,4242777,,2
1/8/2021,178.050003,179.100006,177.199997,177.949997,177.949997,2660546,,1
1/11/2021,177.199997,178.149994,174.75,175.75,175.75,2553530,,3
1/12/2021,175.100006,177.850006,174.699997,177.399994,177.399994,2214802,,1
1/13/2021,177.600006,178,175.199997,175.75,175.75,2941260,,1
1/14/2021,176.75,182.300003,176.5,179.649994,179.649994,3555145,,1
1/15/2021,179.350006,182.649994,177.75,180.050003,180.050003,2950266,,1
1/18/2021,178.899994,184.800003,178.75,184.5,184.5,2693326,,3
1/19/2021,185.25,187.449997,182.5,183.350006,183.350006,2654736,,1
1/20/2021,183.5,185.199997,183.199997,184,184,2219527,,1
1/21/2021,185,186,183.050003,184.399994,184.399994,2577464,,1
1/22/2021,183.899994,183.899994,181.600006,182.649994,182.649994,2789905,,1
1/25/2021,183,183.149994,175.25,175.5,175.5,3965109,,3
1/26/2021,175.5,179.5,173.800003,177.949997,177.949997,2838073,,1
1/27/2021,177.949997,185.899994,177.850006,185.899994,185.899994,7741040,,1
1/28/2021,185,189.5,180.600006,188.5,188.5,6521728,,1
1/29/2021,193.149994,194.350006,178.100006,179,179,9606922,,1
2/1/2021,179.5,181.350006,176.550003,177,177,4618132,,3
2/2/2021,177.5,180.550003,176.199997,179.550003,179.550003,3136187,,1
2/3/2021,180.5,183.300003,179.149994,180.300003,180.300003,3074425,,1
2/4/2021,180.300003,181.800003,179.300003,181.25,181.25,2644885,,1
2/5/2021,181.600006,184.350006,180.75,183.699997,183.699997,2254221,,1
2/8/2021,183.699997,184.449997,182.199997,182.199997,182.199997,1845776,,3
2/9/2021,182,182.25,179.199997,179.649994,179.649994,2273787,,1
2/10/2021,180.399994,181.949997,176.300003,177.350006,177.350006,2315594,,1
2/11/2021,177.399994,180.5,176.699997,180.5,180.5,2352069,,1
2/12/2021,180.100006,180.350006,178.300003,179.850006,179.850006,1623966,,1
2/15/2021,179.850006,186.399994,179.600006,185.600006,185.600006,3575544,,3
2/16/2021,185.399994,188.100006,184.949997,185.300003,185.300003,2237689,,1
2/17/2021,184.800003,186.399994,184.300003,185.050003,185.050003,2528681,,1
2/18/2021,185.25,189.449997,184.649994,188.050003,188.050003,3573132,,1
2/19/2021,188.050003,190.75,187.100006,189,189,3281061,,1
2/22/2021,188.75,190.649994,186.850006,190,190,2000193,,3
2/23/2021,190,197.300003,190,195.5,195.5,4890173,,1
2/24/2021,194.449997,197.800003,193.600006,197.199997,197.199997,3109873,,1
2/25/2021,198,201.600006,196.949997,199.350006,199.350006,3397248,,1
2/26/2021,195.199997,204.899994,193.5,199,199,4397101,,1
3/1/2021,200,204.300003,199.949997,202.300003,202.300003,2590638,,3
3/2/2021,202,203.300003,200.699997,201,201,2354429,,1
3/3/2021,201.5,204,201.300003,203.199997,203.199997,3053506,,1
3/4/2021,202.5,205.399994,201.800003,205.399994,205.399994,2586541,,1
3/5/2021,203.899994,205.800003,202.199997,202.5,202.5,2024966,,1
3/8/2021,204.100006,209.199997,203.899994,208.800003,208.800003,2724246,,3
3/9/2021,210,214.399994,209.800003,213.899994,213.899994,3050594,,1
3/10/2021,214,217.100006,212.600006,214.600006,214.600006,3819297,,1
3/11/2021,217.100006,218.199997,215.100006,216.5,216.5,2667482,,1
3/12/2021,216,221.300003,215.699997,220,220,3632545,,1
3/15/2021,221,226.800003,218.399994,219.800003,219.800003,4127579,,3
3/16/2021,222,229.5,221.699997,223.399994,223.399994,4962375,,1
3/17/2021,223.300003,223.300003,218.199997,221.300003,221.300003,4051767,,1
3/18/2021,223,224.699997,216.199997,218.199997,218.199997,5434305,,1
3/19/2021,215,216.399994,212.699997,213.800003,213.800003,5381882,,1
3/22/2021,213.5,214.300003,209.300003,211.5,211.5,2818720,,3
3/23/2021,210.100006,211.699997,208.5,210.5,210.5,2479300,,1
3/24/2021,208.300003,210.300003,204.600006,206.5,206.5,4850495,,1
3/25/2021,202.899994,204.199997,197.050003,202.699997,202.699997,6983926,,1
3/26/2021,200.600006,206.100006,200.100006,205.399994,205.399994,3677728,,1
3/29/2021,204.899994,205.399994,199.600006,199.800003,199.800003,3868950,,3
3/30/2021,200.699997,203.399994,199.5,203.399994,203.399994,2715980,,1
3/31/2021,200,203.199997,195.350006,196.75,196.75,5907819,,1
4/1/2021,196.759995,198.399994,194.539993,195.419998,195.419998,2097856,,1
4/6/2021,198.580002,200.850006,195.820007,200.850006,200.850006,5060040,,5
4/7/2021,200.800003,202.949997,199.520004,201.550003,201.550003,2473670,,1
4/8/2021,201.300003,202.449997,198.5,199.279999,199.279999,2955254,,1
4/9/2021,199.699997,200.050003,198.039993,200.050003,200.050003,2505061,,1
4/12/2021,200.050003,200.300003,197.279999,197.960007,197.960007,2520407,,3
4/13/2021,197.399994,203.550003,197.399994,202.050003,202.050003,4216118,,1
4/14/2021,202.050003,203.949997,200.75,203.649994,203.649994,3193452,,1
4/15/2021,203.800003,205.149994,202.649994,204.699997,204.699997,3393580,,1
4/16/2021,204.449997,208.800003,203.899994,208.649994,208.649994,3016611,,1
4/19/2021,208.300003,208.949997,206.699997,207.25,207.25,2101529,,3
4/20/2021,207,208,199.899994,200.550003,200.550003,3039254,,1
4/21/2021,201.550003,204.949997,200.75,204.100006,204.100006,2597188,,1
4/22/2021,205.100006,207.399994,203.350006,207.350006,207.350006,2139915,,1
4/23/2021,206.649994,208.399994,205.199997,208.199997,208.199997,2453370,,1
4/26/2021,208.199997,213.399994,208.149994,210.75,210.75,2194037,,3
4/27/2021,210.699997,210.75,207.399994,208.199997,208.199997,2643142,,1
4/28/2021,208.199997,209.149994,206.649994,207.699997,207.699997,2592457,,1
4/29/2021,208.149994,213.600006,208.149994,210.5,210.5,3530687,,1
4/30/2021,210.100006,211.399994,208.149994,208.800003,208.800003,1366934,,1
5/3/2021,209.25,209.699997,205.850006,208.899994,208.899994,1792513,,3
5/4/2021,209.050003,212.25,207,207.25,207.25,3727795,,1
5/5/2021,207.850006,211.850006,207.800003,211.850006,211.850006,1935719,,1
