﻿PROD_SKU,PROD_DESCRIPT,PROD_TYPE,PROD_BASE,PROD_CATEGORY,PROD_PRICE,PROD_QOH,PROD_MIN,BRAND_ID
5794-JGQ,"Varnish, with UV Inhibitor, Exterior, Gloss (MPI Gloss Level 6)",Exterior,Solvent,Top Coat,15.89,15,25,28
5980-BME,"Primer, Alkali Resistant, Solvent Based",Exterior,Solvent,Primer,31.99,23,30,25
6033-YFY,"Primer, Stain Blocking, Water Based",Exterior,Water,Primer,29.99,140,20,28
6041-PBS,"Primer, Metal, Surface Tolerant",Interior,Solvent,Primer,7.49,53,30,25
6109-ZZO,"Deck Coating, Latex, Exterior",Exterior,Water,Top Coat,32.89,63,40,23
6116-NQU,"Dry Fall, Alkyd, Semi-Gloss (MPI Gloss Level 5)",Interior,Solvent,Top Coat,21.99,15,35,27
6176-XTX,"Varnish, Interior, Gloss",Interior,Solvent,Top Coat,15.59,117,30,33
6249-LYB,"Textured Coating, Latex, Flat",Exterior,Water,Top Coat,11.99,132,15,27
6249-NDN,Epoxy Deck Coating (Slip-Resistant),Exterior,Solvent,Top Coat,22.59,131,30,30
6257-AGA,"Fire Retardant Top-Coat, Latex, Interior (ULC Approved)",Interior,Water,Top Coat,29.99,127,30,27
6350-UPP,"Block Filler, Latex, Interior/Exterior",Exterior,Water,Filler,12.49,119,5,25
6358-UST?,"Traffic Marking Paint, Latex",Interior,Water,Top Coat,18.59,102,40,33
6367-AKJ,"Latex, Recycled (Consolidated), Exterior Flat (G1)",Exterior,Water,Top Coat,41.99,103,20,23
6451-KGJ,"Primer, Latex for Exterior Wood",Exterior,Water,Primer,6.99,117,30,35
6488-MIG,"Latex, Recycled (Consolidated), Interior (MPI Gloss Level 2)",Interior,Water,Top Coat,43.99,34,15,30
6491-XKF,"Fire Retardant Coating, Interior, Clear (ULC Approved)",Interior,Solvent,Top Coat,32.99,27,25,29
6596-HOO,"Primer, Alkali Resistant, Water Based",Exterior,Water,Primer,9.99,93,5,35
6626-ROK,"Epoxy, High Build, Gloss",Exterior,Solvent,Top Coat,13.59,10,10,29
6651-ICK,"Stain, Exterior, Solvent Based, Semi-Transparent",Exterior,Solvent,Top Coat,11.99,141,30,33
6858-EJW,"Alkyd, Exterior Gloss (MPI Gloss Level 6)",Exterior,Solvent,Top Coat,10.99,144,40,30
6865-HAO,"Primer, Epoxy, Water Based, Anti-Corrosive, for Metal",Interior,Water,Primer,38.99,127,25,29
6894-JQV,"Latex, Recycled (Consolidated), Interior (MPI Gloss Level 1)",Interior,Water,Top Coat,48.59,35,5,27
6925-KDN,"Floor Enamel, Alkyd, Gloss (MPI Gloss Level 6)",Exterior,Solvent,Top Coat,11.59,69,10,30
6933-YOI,"Block Filler, Latex, Interior/Exterior",Interior,Water,Filler,8.99,34,15,29
7006-IXN,"Polyurethane, Moisture Cured, Pigmented, Intermediate Coat",Exterior,Solvent,Top Coat,14.99,53,35,29
7158-LJP,"Textured Coating, Latex, Flat",Interior,Water,Top Coat,11.99,39,5,33
7179-YXG,"Stain, Exterior, Water Based, Semi-Transparent",Exterior,Water,Primer,12.99,131,10,31
7224-FEU,"Latex, Recycled (Consolidated), Exterior, Low Sheen (G 3-4)",Exterior,Water,Top Coat,43.99,94,35,27
7231-UES,"Stain, Interior, for Concrete Floors",Interior,Solvent,Top Coat,23.99,50,10,30
7258-HCV,"Primer, Alkyd, Anti-Corrosive for Metal",Interior,Solvent,Primer,10.99,30,35,35
7260-YDI,"Light Industrial Coating, Interior, Water Based, Semi-Gloss (MPI Gloss Level 5)",Interior,Water,Top Coat,15.59,25,20,35
7316-MQD,Aluminum Paint,Exterior,Solvent,Top Coat,12.99,36,30,33
7355-WBT,"Primer, Galvanized, Water Based",Interior,Water,Primer,13.59,62,30,31
7500-ROG,"Heat Resistant Coating, (Up to 205°C/402°F), MPI Gloss Level 5-6 ",Interior,Solvent,Top Coat,23.99,53,5,30
7532-PYJ,"Floor Paint, Latex, Gloss ",Interior,Water,Top Coat,21.99,76,40,25
7538-ITC,"Primer, Zinc Rich, Inorganic",Interior,Solvent,Primer,8.99,95,25,33
7551-ZVS,"Primer, Epoxy, Anti-Corrosive, for Metal",Exterior,Solvent,Primer,14.99,15,10,31
7627-HHI,"Floor Enamel, Alkyd, Gloss (MPI Gloss Level 6)",Interior,Solvent,Top Coat,11.59,128,40,28
7658-HCW,"Latex, Interior, Gloss (MPI GLoss Level 6)",Interior,Water,Top Coat,19.99,15,25,27
7673-ECV,"Stain, Exterior, Solvent Based, Solid Hide",Exterior,Solvent,Top Coat,11.99,122,15,25
7731-GBG,"Varnish, Exterior, Water Based, (Semi-Gloss) MPI Gloss Level 5",Exterior,Water,Top Coat,13.39,109,35,35
7762-STV,"Lacquer, Clear, Satin",Interior,Solvent,Top Coat,14.99,56,35,29
7804-ZVW,"Water Repellent, Clear (Paintable)",Interior,Solvent,Top Coat,15.59,57,15,35
7883-NLQ,"Primer, Rust-Inhibitive, Water Based",Interior,Water,Primer,12.59,29,25,23
8053-PME,Polyurethane Deck Coating (Slip-Resistant),Interior,Solvent,Top Coat,25.99,28,25,25
8094-EYX,"Lacquer, Pigmented, Satin",Interior,Solvent,Top Coat,14.59,50,40,27
8162-KJI,"Primer, Zinc Rich, Epoxy",Exterior,Solvent,Primer,9.49,73,10,31
8170-EKF,"Polyurethane, Moisture Cured, Pigmented, Gloss (MPI Gloss Level 6)",Exterior,Solvent,Top Coat,16.99,73,5,35
8199-YRF,"Varnish, Exterior, Water Based, (Satin-Like) MPI Gloss Level 4",Exterior,Water,Top Coat,12.99,105,10,33
8207-YYG,"Latex, Interior, High Performance Architectural, ('satin-like' - MPI Gloss Level 4)",Interior,Water,Top Coat,34.49,14,15,35
8310-LAC,"Textured Coating, Latex, Non-Flat",Exterior,Water,Top Coat,11.99,51,15,31
8322-JEX,"Preservative Oil, Gloss",Interior,Solvent,Cleaner,12.99,50,25,25
8338-JZUû,"Alkyd, Quick Dry, Gloss",Exterior,Solvent,Top Coat,17.99,118,40,28
8382-HKN,"Textured Coating, Latex, Non-Flat",Interior,Water,Top Coat,11.99,20,5,30
8400-JDC,"Lacquer, Clear, Gloss",Interior,Solvent,Top Coat,14.99,49,25,31
8406-TQG,"Primer, Bonding, Water Based",Interior,Water,Primer,7.99,119,15,33
8436-MGP,"Block Filler, Epoxy",Exterior,Solvent,Filler,7.79,84,10,28
8439-KUP,"Vinyl, High Build",Exterior,Solvent,Top Coat,17.99,76,5,33
8495-ZQR,"Varnish, Aliphatic Polyurethane, Two-Component",Exterior,Solvent,Top Coat,12.29,111,40,23
8523-UCB,"Alkyd, Quick Dry, Semi-Gloss",Exterior,Solvent,Top Coat,21.59,139,10,30
8543-RJN,"Floor Paint, Alkyd, Low Gloss ",Interior,Solvent,Top Coat,21.99,10,5,31
8544-CIQ,"Traffic Marking Paint, Alkyd",Interior,Solvent,Top Coat,6.59,16,25,35
8571-CKP,"Varnish, Polyurethane, Moisture Cured, Gloss (MPI Gloss Level 6)",Exterior,Solvent,Top Coat,17.79,46,5,28
8685-REM,"Primer, Quick Dry, for Aluminum",Exterior,Solvent,Primer,19.99,66,25,30
8726-ZNM,"Floor Paint, Alkyd, Low Gloss ",Exterior,Solvent,Top Coat,21.99,107,15,29
8751-IOK,"Epoxy, Gloss",Interior,Solvent,Top Coat,7.79,19,10,25
8821-DDM,"Barrier Coating, Two Coat, Low VOC for Industrial Maintenance",Exterior,Water,Top Coat,34.99,103,40,35
8841-JFP,"Varnish, Interior, Polyurethane, Oil Modified, Satin",Interior,Solvent,Top Coat,6.59,30,35,25
8894-LUR,"Lacquer, Sanding Sealer, Clear",Interior,Solvent,Sealer,13.99,79,40,27
8909-SPD,"Varnish, Water Based, Clear, Gloss",Interior,Water,Top Coat,15.79,36,30,28
8937-WVA,"Lacquer, Sanding Sealer, White",Interior,Solvent,Sealer,3.29,12,30,28
8988-FDW,"Primer, Alkyd, Quick Dry, for Metal",Exterior,Solvent,Primer,11.99,110,30,28
9064-IWN,"Primer, Vinyl Wash",Exterior,Solvent,Primer,7.59,15,5,33
9126-PWF,"Latex, Recycled (Consolidated), Interior (MPI Gloss Level 3)",Interior,Water,Top Coat,48.59,12,30,27
9133-OXA,"Primer, Quick Dry, for Aluminum",Interior,Solvent,Primer,19.99,89,20,30
9138-QCV,"Alkyd, Quick Dry, Semi-Gloss",Interior,Solvent,Top Coat,21.59,107,15,28
9175-TAZ,"Epoxy, High Build, Gloss",Interior,Solvent,Top Coat,13.59,15,40,27
9191-NGA,"Alkyd, Interior, Gloss (MPI Gloss Level 6) ",Interior,Solvent,Top Coat,14.99,88,35,29
9234-WCQ,"Stain, Exterior, Water Based, Solid Hide",Exterior,Water,Top Coat,13.99,135,35,35
9268-RCB,"Alkyd, Interior, Semi-Gloss (MPI Gloss Level 5) ",Interior,Solvent,Top Coat,13.99,64,25,25
9272-LTP,"Varnish, Marine Spar, Exterior, Gloss (MPI Gloss Level 6)",Exterior,Solvent,Top Coat,13.29,87,35,27
9276-MVX,"Varnish, Exterior, Water Based, (High Gloss) MPI Gloss Level 7",Exterior,Water,Top Coat,13.39,83,30,28
9288-IRF,"Varnish, Water Based, Clear (eggshell-like) MPI Gloss Level 3",Interior,Water,Top Coat,14.59,118,15,25
9292-RQZ,"Aluminum Paint, High Heat (up to 590° C/1100° F)",Interior,Solvent,Top Coat,32.99,24,10,28
9324-PPG,"Primer, Zinc Rich, Organic",Interior,Solvent,Primer,11.99,5,30,27
9336-MHC,"Latex, Interior, ('eggshell-like' - MPI Gloss Level 3) ",Interior,Water,Top Coat,11.99,52,40,29
9355-MNT,"Epoxy, High Build, Self Priming, Low Gloss",Interior,Solvent,Top Coat,29.99,73,35,23
9393-RFA,"Varnish, Polyurethane, Moisture Cured, Flat (MPI Gloss Level 1)",Interior,Solvent,Top Coat,13.59,51,25,30
9408-WNM,"Fire Retardant Top-Coat, Exterior, Low Sheen (ULC Approved)",Exterior,Solvent,Top Coat,21.99,86,15,30
9413-EHI,"Varnish, Aliphatic Polyurethane, Two-Component",Interior,Solvent,Top Coat,12.29,101,5,33
9484-UTK,"Varnish, Fire Retardant (ULC Approved), Exterior",Exterior,Solvent,Top Coat,17.99,129,20,30
9569-WMK,"Epoxy, High Build, Low Gloss",Interior,Solvent,Top Coat,13.59,65,15,29
9601-ZKZ,"Primer, Alkyd for Exterior Wood",Exterior,Solvent,Primer,8.99,92,35,25
9624-YLU,"Primer, Zinc Rich, Organic",Exterior,Solvent,Primer,11.99,77,20,33
9671-NYZ,"Lacquer, Pigmented, Gloss",Interior,Solvent,Top Coat,14.59,51,5,30
9686-HQV,"Varnish, Water Based, Clear, Semi-Gloss",Interior,Water,Top Coat,15.29,73,25,35
9688-ZUX,"Linseed Oil, Boiled",Exterior,Solvent,Cleaner,12.99,67,15,30
9702-WFX,"Primer, Quick Dry, for Shop Application to Interior Steel",Interior,Solvent,Primer,35.49,134,5,35
9786-DGO,"Primer, Zinc Rich, Epoxy",Interior,Solvent,Primer,9.99,85,40,25
9838-FUF,"Fire Retardant Top-Coat, Clear, Alkyd, Interior (ULC Approved)",Interior,Solvent,Top Coat,29.99,137,25,27
9857-ESX,"Alkyd, Water Based, Gloss (MPI Gloss Level 6)",Interior,Water,Top Coat,25.59,58,20,28
9858-XUM,"Lacquer, Pigmented, Semi-Gloss",Interior,Solvent,Top Coat,14.59,72,35,29
9955-WWB,"Latex, Interior, Institutional Low Odor/VOC, ('velvet-like' - MPI Gloss Level 2) ",Interior,Water,Top Coat,29.99,129,35,30
1010-MIW,"Dry Fall, Latex, Semi-Gloss (MPI Gloss Level 5)",Interior,Water,Top Coat,21.99,110,15,28
1021-MTI,"Elastomeric, Exterior, Industrial Grade, Water Based",Exterior,Water,Top Coat,62.99,22,25,35
1045-DUY,"Traffic Marking Paint, Alkyd",Exterior,Solvent,Top Coat,6.59,10,40,35
1067-KBB,"Primer, Galvanized Metal, Cementitious",Interior,Solvent,Primer,14.89,21,10,30
1074-VVJ,"Light Industrial Coating, Exterior, Water Based ('eggshell-like' - MPI Gloss Level 3) ",Exterior,Water,Top Coat,23.29,43,25,25
1078-QXL,"Varnish, Interior, Semi-Gloss ",Interior,Solvent,Top Coat,14.59,94,40,23
1099-WFZ,"Primer, Epoxy, Anti-Corrosive, for Metal",Interior,Solvent,Primer,14.99,57,40,35
1143-RGX,Shellac,Interior,Solvent,Primer,11.99,116,15,27
1150-MMR,"Primer, Alkyd, Quick Dry, for Metal",Interior,Solvent,Primer,11.99,44,10,35
1153-AWY,"Polyurethane, Moisture Cured, Pigmented, Intermediate Coat",Interior,Solvent,Top Coat,14.99,116,20,28
1198-STR,"Latex, Exterior, Gloss (MPI Gloss Level 6)",Exterior,Water,Top Coat,23.59,45,15,28
1200-KBU,"Stain, Semi-Transparent, for Interior Wood",Interior,Solvent,Top Coat,20.99,91,20,25
1203-AIS,"Fire Retardant Coating, Latex, Interior, Flat (ULC Approved)",Interior,Water,Top Coat,35.99,49,25,35
1336-FVM§,"Alkyd, Sanding Sealer, Clear",Interior,Solvent,Sealer,23.29,54,25,33
1403-TUY,"Sealer, Water Based, for Concrete Floors",Interior,Water,Sealer,42.99,56,5,29
1433-MMY,"Heat Resistant Coating, (Up to 205°C/402°F), MPI Gloss Level 5-6 ",Exterior,Solvent,Top Coat,23.99,129,10,27
1485-NNI,"Primer Sealer, for Multicolor Systems",Interior,Water,Primer,18.99,76,10,30
1504-LVK,"Floor Paint, Latex, Low Gloss ",Interior,Water,Top Coat,21.99,63,25,33
1580-VCE,"Latex, Interior, High Performance Architectural, ('eggshell-like' - MPI Gloss Level 3)",Interior,Water,Top Coat,34.49,124,5,29
1663-CDD,"Light Industrial Coating, Exterior, Water Based, Semi-Gloss (MPI Gloss Level 5)",Exterior,Water,Top Coat,23.29,125,40,25
1747-XNI,"Paste, Wood Filler",Exterior,Solvent,Filler,3.99,85,30,33
1838-LZI,"Latex, Exterior, High Build",Exterior,Water,Top Coat,12.59,24,10,25
1854-AFJ,Epoxy Deck Coating (Slip-Resistant),Interior,Solvent,Top Coat,22.59,98,40,30
1871-GWZ,"Latex, Exterior, Low Sheen (MPI Gloss Level 3-4)",Exterior,Water,Top Coat,24.99,52,25,28
1964-OUT,"Fire Resistant Top Coat, for Interior Wood",Interior,Solvent,Top Coat,78.49,120,10,30
2006-ZBH,"Latex, Exterior Flat (MPI Gloss Level 1)",Exterior,Water,Top Coat,10.99,100,10,35
2046-RUS,Polyurethane Deck Coating (Slip-Resistant),Exterior,Solvent,Top Coat,25.99,137,35,28
2068-TSC,Graffiti Protection Top-Coat,Exterior,Solvent,Top Coat,16.99,145,10,30
2101-WCF,"Dry Fall, Latex, ('eggshell-like' - MPI Gloss Level 3)",Interior,Water,Top Coat,13.99,60,10,30
2116-PVN,"Latex, Interior, Semi-Gloss (MPI Gloss Level 5) ",Interior,Water,Top Coat,12.99,66,20,25
2129-BCP,"Dry Fall, Alkyd, Flat",Interior,Solvent,Top Coat,7.99,94,35,35
2134-QFE,"Varnish, with UV Inhibitor, Exterior, Semi-Gloss (MPI Gloss Level 5)",Exterior,Solvent,Top Coat,15.89,34,25,23
2143-VQX,"Alkyd, Quick Dry, Gloss",Interior,Solvent,Top Coat,17.99,8,10,35
2200-DAI,"Primer Sealer, Low Permeability, Latex, Interior",Interior,Water,Primer,7.59,66,5,31
2212-MNF,"Varnish, Exterior, Water Based, (Gloss) MPI Gloss Level 6",Exterior,Water,Top Coat,13.39,131,40,27
2217-JOH,"Dry Fall, Alkyd, ('eggshell-like' - MPI Gloss Level 3)",Interior,Solvent,Top Coat,13.59,43,5,29
2231-OXK,"Primer, Vinyl Wash",Interior,Solvent,Primer,7.59,68,5,35
2233-GJH?,"Light Industrial Coating, Exterior, Water Based, Gloss (MPI Gloss Level 6)",Exterior,Water,Top Coat,23.29,41,25,33
2262-NBI,"Vinyl, High Build",Interior,Solvent,Top Coat,17.99,113,5,31
2351-WVS,"Latex, Interior, Institutional Low Odor/VOC, ('satin-like' - MPI Gloss Level 4) ",Interior,Water,Top Coat,29.99,89,5,30
2366-EFV,"Varnish, Interior, Polyurethane, Oil Modified, Gloss",Interior,Solvent,Top Coat,6.59,3,25,30
2379-PCX,"Latex, Interior, ('satin-like' - MPI Gloss Level 4)",Interior,Water,Top Coat,13.59,77,15,25
2384-PGY,"Epoxy, High Build, Self Priming, Low Gloss",Exterior,Solvent,Top Coat,29.99,133,35,30
2397-RDX,"Light Industrial Coating, Interior, Water Based, Gloss (MPI Gloss Level 6)",Interior,Water,Top Coat,15.59,6,10,30
2407-SUX,"Dry Fall, Latex, Flat",Interior,Water,Top Coat,9.89,143,15,23
2410-SKH,"Polyurethane, Two-Component, Pigmented, Gloss (MPI Gloss Level 6)",Interior,Solvent,Top Coat,4.29,26,20,27
2455-ZKN,"Primer, Epoxy, Water Based, Anti-Corrosive, for Metal",Exterior,Water,Primer,38.99,86,15,27
2496-QMW,"Latex, Recycled (Remanufactured), Exterior, Low Sheen (G 3-4)",Exterior,Water,Top Coat,38.99,95,35,33
2553-FSW,"Dry Fall, Water Based, for Galvanized Steel, MPI Gloss Level 5",Interior,Water,Top Coat,20.59,70,25,30
2584-CIJ,"Stain, for Exterior Wood Decks",Exterior,Solvent,Top Coat,12.39,17,10,30
2611-QYG,"Primer, Alkali Resistant, Solvent Based",Interior,Solvent,Primer,31.99,81,5,29
2699-GNS,"Top-Coat for Multicolored Coating, Clear",Interior,Water,Top Coat,35.99,59,40,27
2756-CKP,"Alkyd, Interior, ('eggshell-like' - MPI Gloss Level 3) ",Interior,Solvent,Top Coat,9.99,10,40,28
2766-EYO,"Aluminum Paint, High Heat (up to 590° C/1100° F)",Exterior,Solvent,Top Coat,32.99,20,10,33
2833-LIV,"Primer, Stain Blocking",Exterior,Solvent,Primer,32.99,129,15,35
2857-NDO,"Primer, Stain Blocking",Interior,Solvent,Primer,32.99,87,40,28
2866-RAM,"Aluminum Paint, Heat Resistant (Up to 427°C - 800°F)",Interior,Solvent,Top Coat,18.99,19,10,30
2870-QZR,"Floor Coating, Thin Film, for Aircraft Maintenance Facilities",Interior,Solvent,Top Coat,32.99,121,15,29
2896-OZJ,"Water Repellant, Clear (Not Paintable)",Exterior,Solvent,Top Coat,23.99,70,5,23
2918-THH,"Alkyd, Exterior Flat (MPI Gloss Level 1)",Exterior,Solvent,Top Coat,10.99,127,15,23
2932-PBS,"Varnish, Interior, Flat ",Interior,Solvent,Top Coat,13.59,61,15,35
2990-BNH,"Polyurethane, Moisture Cured, Pigmented, Semi-Gloss (MPI Gloss Level 5)",Exterior,Solvent,Top Coat,16.99,139,20,31
2996-VMO,Multicolor Coating,Interior,Solvent,Top Coat,23.59,32,25,27
3035-NHD,"Primer, Galvanized, Non-Cementitious",Exterior,Solvent,Primer,15.69,37,30,29
3036-PCT,"Sealer, for Knots",Exterior,Solvent,Sealer,3.99,65,5,25
3061-DOI,"Primer, Bonding, Solvent Based",Interior,Solvent,Primer,5.59,100,15,33
3079-DEG,"Primer, Zinc Rich, Inorganic",Exterior,Solvent,Primer,8.99,28,25,35
3161-XJS,"Latex, Recycled (Remanufactured), Exterior Flat (G1)",Exterior,Water,Top Coat,38.99,61,5,29
3215-VIP,"Top-Coat for Multicolored Coating, Clear",Interior,Solvent,Top Coat,35.99,44,20,35
3258-RVB,"Polyurethane, Moisture Cured, Pigmented, Semi-Gloss (MPI Gloss Level 5)",Interior,Solvent,Top Coat,16.99,142,40,33
3274-XJX,"Paste, Wood Filler",Interior,Solvent,Filler,3.99,37,35,25
3298-YFL,"Primer, Zinc Rich, Moisture Cured",Interior,Solvent,Primer,13.99,112,5,30
3343-DJU,"Epoxy, Gloss",Exterior,Solvent,Top Coat,7.79,56,25,25
3384-DML,"Cleaner, Etching, for Galvanized Metal",Interior,Water,Cleaner,4.59,78,30,29
3393-AZQ?,"Top-Coat for Multicolored Coating, Clear",Exterior,Water,Top Coat,35.99,132,5,25
3488-GSE,"Latex, Exterior Semi-Gloss (MPI Gloss Level 5)",Exterior,Water,Top Coat,10.99,127,30,30
3503-FGI,"Primer, Bonding, Solvent Based",Exterior,Solvent,Primer,5.59,87,25,33
3516-AGJ,"Varnish, Exterior, Water Based, (Flat) MPI Gloss Level 1",Exterior,Water,Top Coat,12.59,7,15,35
3528-GBV,"Primer, Metal, Surface Tolerant",Exterior,Solvent,Primer,7.49,34,35,31
3561-LYU,"Lacquer, Sanding Sealer, White",Exterior,Solvent,Sealer,3.29,70,40,25
3585-MCJ,"Linseed Oil, Boiled",Interior,Solvent,Cleaner,12.99,129,15,27
3594-BYW,"Primer Sealer, Alkyd, Interior",Interior,Solvent,Primer,7.39,80,15,27
3610-RKR,"Traffic Marking Paint, Latex",Exterior,Water,Top Coat,18.59,123,10,27
3614-PTT,"Latex, Exterior (MPI Gloss Level 2)",Exterior,Water,Top Coat,45.99,21,5,25
3694-XFJ,"Epoxy-Modified Latex, Interior, Semi-Gloss (MPI Gloss Level 5)",Interior,Water,Top Coat,54.89,39,25,27
3701-YAW,"Sealer, Solvent Based, for Concrete Floors",Interior,Solvent,Sealer,20.59,109,15,30
3716-IWN,"Epoxy, Quick Set, Mason",Exterior,Solvent,Sealer,14.99,75,20,28
3716-WZD,"Acrylic Coating, High Build, for Pavement Marking",Interior,Solvent,Top Coat,36.99,132,10,23
3734-CUQ,"Primer, Galvanized Metal, Cementitious",Exterior,Solvent,Primer,14.89,119,10,31
3754-MAK,"Floor Paint, Latex, Low Gloss ",Exterior,Water,Top Coat,21.99,70,10,33
3933-NSU,"Latex, Recycled (Remanufactured), Interior (MPI Gloss Level 3)",Interior,Water,Top Coat,41.99,105,10,33
3943-HFA,Shellac,Exterior,Solvent,Top Coat,11.99,16,35,27
3955-NWD,"Water Repellant, Clear (Not Paintable)",Interior,Water,Top Coat,23.99,130,15,30
4045-HUC,"Primer, Stain Blocking, Water Based",Interior,Water,Primer,29.99,100,10,30
4072-SWV,"Sealer, Solvent Based, for Concrete Floors",Exterior,Solvent,Sealer,20.59,86,10,23
4132-QIN,"Primer, Oil for Exterior Wood",Exterior,Solvent,Primer,9.29,111,20,28
4153-VMO,"Varnish, Polyurethane, Moisture Cured, Gloss (MPI Gloss Level 6)",Interior,Solvent,Top Coat,17.79,30,25,33
4200-FTI,"Varnish, Water Based, Clear, Satin",Interior,Water,Top Coat,14.59,7,5,30
4241-UOF,"Varnish, Polyurethane, Moisture Cured, Flat (MPI Gloss Level 1)",Exterior,Solvent,Top Coat,13.59,49,40,27
4260-FGB,"Light Industrial Coating, Interior, Water Based ('eggshell-like' - MPI Gloss Level 3) ",Interior,Water,Top Coat,15.59,97,40,35
4346-GCP,"Primer Sealer, Interior, Institutional Low Odor/VOC",Interior,Water,Primer,18.59,68,5,27
4431-LGU,"Stain, for Exterior Wood Decks",Interior,Solvent,Top Coat,11.49,122,20,33
4465-QHD,Multicolor Coating,Interior,Water,Top Coat,23.59,3,5,29
4481-SGY,"Primer, Galvanized, Non-Cementitious",Interior,Solvent,Primer,15.69,90,10,27
4491-GNC,"Alkyd, Exterior, Semi-Gloss (MPI Gloss Level 5)",Exterior,Solvent,Top Coat,21.99,132,25,28
4518-GHU,"Elastomeric, Pigmented, Exterior, Water Based, Flat",Exterior,Water,Top Coat,21.99,36,35,31
4583-VCR,"Latex, Interior, High Performance Architectural, Semi-Gloss (MPI Gloss Level 5)",Interior,Water,Top Coat,34.49,42,30,28
4626-LJU,"Block Filler, Epoxy",Interior,Solvent,Filler,7.79,82,35,28
4667-JLN,Danish Oil,Interior,Solvent,Cleaner,3.49,79,15,35
4784-SLU,"Lacquer, Clear, Flat",Interior,Solvent,Top Coat,14.99,14,15,30
4812-CMJ,"Primer, Alkali Resistant, Water Based",Interior,Water,Primer,9.99,128,10,27
4812-VNN,"Varnish, Exterior, Water Based, (Velvet-Like) MPI Gloss Level 2",Exterior,Water,Top Coat,12.99,42,40,27
4846-BHT,"Preservative, for Exterior Wood",Exterior,Solvent,Top Coat,4.49,88,40,33
4879-AMS,"Latex, Recycled (Remanufactured), Interior (MPI Gloss Level 1)",Interior,Water,Top Coat,41.99,107,20,31
4900-YSQ,"Cleaner, Etching, for Galvanized Metal",Exterior,Water,Cleaner,4.59,121,20,28
4912-YXS,"Varnish, Exterior, Water Based, (Eggshell-like) MPI Gloss Level 3",Exterior,Water,Top Coat,12.99,123,30,35
4949-VFI,"Undercoat, Enamel, Interior",Interior,Solvent,Primer,8.49,20,20,23
4976-PZN,"Primer, Latex, for Interior Wood",Interior,Water,Primer,13.69,33,20,33
4987-BFL,"Latex, Interior, Institutional Low Odor/VOC, Semi-Gloss (MPI Gloss Level 5)",Interior,Water,Top Coat,29.99,63,30,27
5046-TTC,"Aluminum Paint, Heat Resistant (Up to 427°C - 800°F)",Exterior,Solvent,Top Coat,18.99,129,30,35
5060-EDB,"Latex, Interior, Institutional Low Odor/VOC, ('eggshell-like' - MPI Gloss Level 3) ",Interior,Water,Top Coat,29.99,121,40,23
5140-RTG,"Fire Resistant Sealer, for Exterior Wood (ULC Approved)",Exterior,Solvent,Sealer,19.99,107,40,35
5155-YQL,"Latex, Recycled (Remanufactured), Interior (MPI Gloss Level 2)",Interior,Water,Top Coat,38.99,105,25,25
5161-GIZ,"Lacquer, Sanding Sealer, Clear",Exterior,Solvent,Sealer,13.99,17,30,31
5213-YTB,"Latex, Interior, High Performance Architectural, ('velvet-like' - MPI Gloss Level 2)",Interior,Water,Top Coat,34.49,15,35,31
5220-JDO,"Acrylic Coating, High Build, for Pavement Marking",Exterior,Solvent,Top Coat,36.99,109,10,29
5250-JDL,"Primer, Zinc Rich, Moisture Cured",Exterior,Solvent,Primer,13.99,96,40,27
5290-HTG,"Epoxy-Modified Latex, Interior, Gloss (MPI Gloss Level 6)",Interior,Water,Top Coat,21.59,119,25,27
5379-BLX?,"Dry Fall, Water Based, for Galvanized Steel, MPI Gloss Level 3",Interior,Water,Top Coat,21.59,119,35,28
5413-TTF,"Latex, Interior, Institutional Low Odor/VOC, Flat (MPI Gloss Level 1)",Interior,Water,Top Coat,29.99,71,5,27
5437-WBO,"Fire Retardant Sealer, Alkyd, Interior (ULC Approved)",Interior,Solvent,Top Coat,28.99,26,30,35
5445-XOY,"Primer, Alkyd, Anti-Corrosive for Metal",Exterior,Solvent,Primer,10.99,66,25,31
5465-YYG,"Latex, Interior, Flat (MPI Gloss Level 1)",Interior,Water,Top Coat,8.99,115,30,29
5496-MRA,Bituminous Coating,Exterior,Solvent,Top Coat,28.49,79,10,29
5508-OUB,"Fire Retardant Coating, Alkyd, Interior, Flat (ULC Approved)",Interior,Solvent,Top Coat,35.99,56,35,29
5516-FYH,"Floor Paint, Latex, Gloss ",Exterior,Water,Top Coat,21.99,82,15,27
5529-SBL,"Water Repellent, Clear (Paintable)",Exterior,Solvent,Top Coat,15.59,32,25,30
5541-HST,"Fire Retardant Coating, Interior, Clear (ULC Approved)",Interior,Water,Top Coat,32.99,31,15,35
5587-MNY,"Latex, Interior, ('velvet-like' - MPI Gloss Level 2)",Interior,Water,Top Coat,14.69,14,20,31
5587-PIP,"Primer Sealer, Latex, Interior",Interior,Water,Primer,10.99,38,5,25
5595-NYE,"Dry Fall, Water Based, for Galvanized Steel, Flat (MPI Gloss Level 1)",Interior,Water,Top Coat,23.99,24,25,30
5602-QBF,"Polyurethane, Two-Component, Pigmented, Gloss (MPI Gloss Level 6)",Exterior,Solvent,Top Coat,4.29,13,40,30
5625-FVF,"Alkyd, Interior, Flat (MPI Gloss Level 1) ",Interior,Solvent,Top Coat,12.99,125,15,30
5642-IDA,"Latex, Interior, Institutional Low Odor/VOC, Gloss (MPI Gloss Level 6)",Interior,Water,Top Coat,29.99,39,10,35
5653-RTU,Aluminum Paint,Interior,Solvent,Top Coat,12.99,87,15,23
5659-BFS,"Elastomeric Coating, Exterior, Water Based, Non-Flat",Exterior,Water,Top Coat,17.29,100,35,35
5728-ZPO,"Shop Coat, Quick Dry, for Interior Steel",Interior,Solvent,Sealer,15.59,19,20,27
5734-BGX,"Polyurethane, Moisture Cured, Pigmented, Gloss (MPI Gloss Level 6)",Interior,Solvent,Top Coat,16.99,54,35,30
5781-TKY,"Epoxy, High Build, Low Gloss",Exterior,Solvent,Top Coat,13.59,81,35,29
