"","VEND_STREET","VEND_NAME","VEND_STATE","VEND_CITY","VEND_ID","VEND_ZIP"
"1","1185 BIGLERVILLE CIRCLE","National Wholesale Consolidated","VT","Sweek Hollow",5,5483
"2","355 WILDWOOD DRIVE","International Decor Partners","FL","South Miami",12,33143
"3","1185 BIGLERVILLE CIRCLE","National Wholesale Consolidated","VT","Sweek Hollow",5,5483
"4","1492 AUSTIN AVENUE","Internation Solvents of Virginia","VA","Cross Jct",21,22625
"5","1874 LAWLOR CIRCLE","S Plymouth Solubles Workshop","NY","S Plymouth",19,13844
"6","1286 RICHARD EVELYN BYRD STREET","Kenny Paints Workshop","MI","Grand Ledge",7,48837
"7","1353 STEPHEN CIRCLE","Linden Consolidated","MI","Linden",17,48451
"8","377 LONGHORN STREET","Warren Paints Consolidated","VT","Beebe Plain",2,5823
"9","1777 EASTWIND COURT","Pine Hill Chemical Warehouse","PA","Pine Hill",6,17901
"10","1286 RICHARD EVELYN BYRD STREET","Kenny Paints Workshop","MI","Grand Ledge",7,48837
"11","382 FLORENCE CIRCLE","Donahue Solubles of West Virginia","WV","Huntington",9,25700
"12","1839 DEMEURE PLACE","Lambert Decor of New Hampshire","NH","Brookfield",10,3872
"13","222 SEWARD 34TH RAMP","Baltimore Paints Consolidated","MD","Baltimore",8,21222
"14","527 ELDERBERRY STREET","Irvington Wholesale Workshop","KY","Irvington",20,40146
"15","527 ELDERBERRY STREET","Irvington Wholesale Workshop","KY","Irvington",20,40146
"16","1492 AUSTIN AVENUE","Internation Solvents of Virginia","VA","Cross Jct",21,22625
"17","200 AERO AVENUE","Boykin Chemical Workshop","VA","Arlington",13,22218
"18","1404 SEWARD NB ON TUDOR RAMP","Rivera Decor Partners","MI","Orchard Lake",22,48324
"19","1353 STEPHEN CIRCLE","Linden Consolidated","MI","Linden",17,48451
"20","1185 BIGLERVILLE CIRCLE","National Wholesale Consolidated","VT","Sweek Hollow",5,5483
"21","1404 SEWARD NB ON TUDOR RAMP","Rivera Decor Partners","MI","Orchard Lake",22,48324
"22","1492 AUSTIN AVENUE","Internation Solvents of Virginia","VA","Cross Jct",21,22625
"23","454 WINDJAMMER CIRCLE","Unlimited Wholesale of Ohio","OH","Rowsburg",15,44866
"24","1951 WEST 28TH COURT","Super Solubles of Pennsylvania","PA","Laporte",11,18626
"25","527 ELDERBERRY STREET","Irvington Wholesale Workshop","KY","Irvington",20,40146
"26","1839 DEMEURE PLACE","Lambert Decor of New Hampshire","NH","Brookfield",10,3872
"27","1839 DEMEURE PLACE","Lambert Decor of New Hampshire","NH","Brookfield",10,3872
"28","454 WINDJAMMER CIRCLE","Unlimited Wholesale of Ohio","OH","Rowsburg",15,44866
"29","","","OH","Rowsburg",15,44866
"30","1185 BIGLERVILLE CIRCLE","National Wholesale Consolidated","VT","Sweek Hollow",5,5483
"31","1618 CARIN PLACE","National Solubles Partners","NC","Newport",16,28570
"32","1777 EASTWIND COURT","Pine Hill Chemical Warehouse","PA","Pine Hill",6,17901
"33","527 ELDERBERRY STREET","Irvington Wholesale Workshop","KY","Irvington",20,40146
"34","527 ELDERBERRY STREET","Irvington Wholesale Workshop","KY","Irvington",20,40146
"35","1492 AUSTIN AVENUE","Internation Solvents of Virginia","VA","Cross Jct",21,22625
"36","1618 CARIN PLACE","National Solubles Partners","NC","Newport",16,28570
"37","632 GLENN NB ON MULDOON RAMP","Watkins Wholesale Warehouse","MA","Westfield",14,1086
"38","1404 SEWARD NB ON TUDOR RAMP","Rivera Decor Partners","MI","Orchard Lake",22,48324
"39","200 AERO AVENUE","Boykin Chemical Workshop","VA","Arlington",13,22218
"40","454 WINDJAMMER CIRCLE","Unlimited Wholesale of Ohio","OH","Rowsburg",15,44866
"41","454 WINDJAMMER CIRCLE","Unlimited Wholesale of Ohio","OH","Rowsburg",15,44866
"42","1105 OLSON CIRCLE","Leal Decor Workshop","PA","Lake Lynn",3,15439
"43","454 WINDJAMMER CIRCLE","Unlimited Wholesale of Ohio","OH","Rowsburg",15,44866
"44","454 WINDJAMMER CIRCLE","Unlimited Wholesale of Ohio","OH","Rowsburg",15,44866
"45","222 SEWARD 34TH RAMP","Baltimore Paints Consolidated","MD","Baltimore",8,21222
"46","1492 AUSTIN AVENUE","Internation Solvents of Virginia","VA","Cross Jct",21,22625
"47","1492 AUSTIN AVENUE","Internation Solvents of Virginia","VA","Cross Jct",21,22625
"48","1404 SEWARD NB ON TUDOR RAMP","Rivera Decor Partners","MI","Orchard Lake",22,48324
"49","454 WINDJAMMER CIRCLE","Unlimited Wholesale of Ohio","OH","Rowsburg",15,44866
"50","","","OH","Rowsburg",15,44866
"51","355 WILDWOOD DRIVE","International Decor Partners","FL","South Miami",12,33143
"52","1492 AUSTIN AVENUE","Internation Solvents of Virginia","VA","Cross Jct",21,22625
"53","200 AERO AVENUE","Boykin Chemical Workshop","VA","Arlington",13,22218
"54","1404 SEWARD NB ON TUDOR RAMP","Rivera Decor Partners","MI","Orchard Lake",22,48324
"55","1105 OLSON CIRCLE","Leal Decor Workshop","PA","Lake Lynn",3,15439
"56","1618 CARIN PLACE","National Solubles Partners","NC","Newport",16,28570
"57","454 WINDJAMMER CIRCLE","Unlimited Wholesale of Ohio","OH","Rowsburg",15,44866
"58","","","OH","Rowsburg",15,44866
"59","1185 BIGLERVILLE CIRCLE","National Wholesale Consolidated","VT","Sweek Hollow",5,5483
"60","377 LONGHORN STREET","Warren Paints Consolidated","VT","Beebe Plain",2,5823
"61","1174 SPRUCEWOOD STREET","Ledbetter Chemical of Vermont","VT","Brimstone Corners",18,5761
"62","632 GLENN NB ON MULDOON RAMP","Watkins Wholesale Warehouse","MA","Westfield",14,1086
"63","1492 AUSTIN AVENUE","Internation Solvents of Virginia","VA","Cross Jct",21,22625
"64","1185 BIGLERVILLE CIRCLE","National Wholesale Consolidated","VT","Sweek Hollow",5,5483
"65","1286 RICHARD EVELYN BYRD STREET","Kenny Paints Workshop","MI","Grand Ledge",7,48837
"66","1404 SEWARD NB ON TUDOR RAMP","Rivera Decor Partners","MI","Orchard Lake",22,48324
"67","200 AERO AVENUE","Boykin Chemical Workshop","VA","Arlington",13,22218
"68","1174 SPRUCEWOOD STREET","Ledbetter Chemical of Vermont","VT","Brimstone Corners",18,5761
"69","222 SEWARD 34TH RAMP","Baltimore Paints Consolidated","MD","Baltimore",8,21222
"70","1404 SEWARD NB ON TUDOR RAMP","Rivera Decor Partners","MI","Orchard Lake",22,48324
"71","1874 LAWLOR CIRCLE","S Plymouth Solubles Workshop","NY","S Plymouth",19,13844
"72","1105 OLSON CIRCLE","Leal Decor Workshop","PA","Lake Lynn",3,15439
"73","1353 STEPHEN CIRCLE","Linden Consolidated","MI","Linden",17,48451
"74","1105 OLSON CIRCLE","Leal Decor Workshop","PA","Lake Lynn",3,15439
"75","632 GLENN NB ON MULDOON RAMP","Watkins Wholesale Warehouse","MA","Westfield",14,1086
"76","","","OH","Rowsburg",15,44866
"77","1404 SEWARD NB ON TUDOR RAMP","Rivera Decor Partners","MI","Orchard Lake",22,48324
"78","1353 STEPHEN CIRCLE","Linden Consolidated","MI","Linden",17,48451
"79","1777 EASTWIND COURT","Pine Hill Chemical Warehouse","PA","Pine Hill",6,17901
"80","377 LONGHORN STREET","Warren Paints Consolidated","VT","Beebe Plain",2,5823
"81","1492 AUSTIN AVENUE","Internation Solvents of Virginia","VA","Cross Jct",21,22625
"82","1492 AUSTIN AVENUE","Internation Solvents of Virginia","VA","Cross Jct",21,22625
"83","1492 AUSTIN AVENUE","Internation Solvents of Virginia","VA","Cross Jct",21,22625
"84","382 FLORENCE CIRCLE","Donahue Solubles of West Virginia","WV","Huntington",9,25700
"85","1492 AUSTIN AVENUE","Internation Solvents of Virginia","VA","Cross Jct",21,22625
"86","527 ELDERBERRY STREET","Irvington Wholesale Workshop","KY","Irvington",20,40146
"87","1625 BAY VIEW DRIVE","Mt Blanchard Solvents Supplies","OH","Mt Blanchard",1,45867
"88","1839 DEMEURE PLACE","Lambert Decor of New Hampshire","NH","Brookfield",10,3872
"89","1174 SPRUCEWOOD STREET","Ledbetter Chemical of Vermont","VT","Brimstone Corners",18,5761
"90","1404 SEWARD NB ON TUDOR RAMP","Rivera Decor Partners","MI","Orchard Lake",22,48324
"91","1404 SEWARD NB ON TUDOR RAMP","Rivera Decor Partners","MI","Orchard Lake",22,48324
"92","1492 AUSTIN AVENUE","Internation Solvents of Virginia","VA","Cross Jct",21,22625
"93","","","OH","Rowsburg",15,44866
"94","1404 SEWARD NB ON TUDOR RAMP","Rivera Decor Partners","MI","Orchard Lake",22,48324
"95","1874 LAWLOR CIRCLE","S Plymouth Solubles Workshop","NY","S Plymouth",19,13844
"96","200 AERO AVENUE","Boykin Chemical Workshop","VA","Arlington",13,22218
"97","1404 SEWARD NB ON TUDOR RAMP","Rivera Decor Partners","MI","Orchard Lake",22,48324
"98","1874 LAWLOR CIRCLE","S Plymouth Solubles Workshop","NY","S Plymouth",19,13844
"99","1492 AUSTIN AVENUE","Internation Solvents of Virginia","VA","Cross Jct",21,22625
"100","1839 DEMEURE PLACE","Lambert Decor of New Hampshire","NH","Brookfield",10,3872
"101","1492 AUSTIN AVENUE","Internation Solvents of Virginia","VA","Cross Jct",21,22625
"102","1404 SEWARD NB ON TUDOR RAMP","Rivera Decor Partners","MI","Orchard Lake",22,48324
"103","1625 BAY VIEW DRIVE","Mt Blanchard Solvents Supplies","OH","Mt Blanchard",1,45867
"104","1492 AUSTIN AVENUE","Internation Solvents of Virginia","VA","Cross Jct",21,22625
"105","1625 BAY VIEW DRIVE","Mt Blanchard Solvents Supplies","OH","Mt Blanchard",1,45867
"106","1618 CARIN PLACE","National Solubles Partners","NC","Newport",16,28570
"107","1286 RICHARD EVELYN BYRD STREET","Kenny Paints Workshop","MI","Grand Ledge",7,48837
"108","1105 OLSON CIRCLE","Leal Decor Workshop","PA","Lake Lynn",3,15439
"109","1185 BIGLERVILLE CIRCLE","National Wholesale Consolidated","VT","Sweek Hollow",5,5483
"110","527 ELDERBERRY STREET","Irvington Wholesale Workshop","KY","Irvington",20,40146
"111","1492 AUSTIN AVENUE","Internation Solvents of Virginia","VA","Cross Jct",21,22625
"112","1492 AUSTIN AVENUE","Internation Solvents of Virginia","VA","Cross Jct",21,22625
"113","1404 SEWARD NB ON TUDOR RAMP","Rivera Decor Partners","MI","Orchard Lake",22,48324
"114","632 GLENN NB ON MULDOON RAMP","Watkins Wholesale Warehouse","MA","Westfield",14,1086
"115","377 LONGHORN STREET","Warren Paints Consolidated","VT","Beebe Plain",2,5823
"116","1777 EASTWIND COURT","Pine Hill Chemical Warehouse","PA","Pine Hill",6,17901
"117","1286 RICHARD EVELYN BYRD STREET","Kenny Paints Workshop","MI","Grand Ledge",7,48837
"118","1404 SEWARD NB ON TUDOR RAMP","Rivera Decor Partners","MI","Orchard Lake",22,48324
"119","1492 AUSTIN AVENUE","Internation Solvents of Virginia","VA","Cross Jct",21,22625
"120","1951 WEST 28TH COURT","Super Solubles of Pennsylvania","PA","Laporte",11,18626
"121","1105 OLSON CIRCLE","Leal Decor Workshop","PA","Lake Lynn",3,15439
"122","377 LONGHORN STREET","Warren Paints Consolidated","VT","Beebe Plain",2,5823
"123","1353 STEPHEN CIRCLE","Linden Consolidated","MI","Linden",17,48451
"124","1105 OLSON CIRCLE","Leal Decor Workshop","PA","Lake Lynn",3,15439
"125","377 LONGHORN STREET","Warren Paints Consolidated","VT","Beebe Plain",2,5823
"126","1839 DEMEURE PLACE","Lambert Decor of New Hampshire","NH","Brookfield",10,3872
"127","1492 AUSTIN AVENUE","Internation Solvents of Virginia","VA","Cross Jct",21,22625
"128","1492 AUSTIN AVENUE","Internation Solvents of Virginia","VA","Cross Jct",21,22625
"129","1286 RICHARD EVELYN BYRD STREET","Kenny Paints Workshop","MI","Grand Ledge",7,48837
"130","1492 AUSTIN AVENUE","Internation Solvents of Virginia","VA","Cross Jct",21,22625
"131","1185 BIGLERVILLE CIRCLE","National Wholesale Consolidated","VT","Sweek Hollow",5,5483
"132","","","OH","Rowsburg",15,44866
"133","1353 STEPHEN CIRCLE","Linden Consolidated","MI","Linden",17,48451
"134","1286 RICHARD EVELYN BYRD STREET","Kenny Paints Workshop","MI","Grand Ledge",7,48837
"135","1777 EASTWIND COURT","Pine Hill Chemical Warehouse","PA","Pine Hill",6,17901
"136","1492 AUSTIN AVENUE","Internation Solvents of Virginia","VA","Cross Jct",21,22625
"137","454 WINDJAMMER CIRCLE","Unlimited Wholesale of Ohio","OH","Rowsburg",15,44866
"138","1618 CARIN PLACE","National Solubles Partners","NC","Newport",16,28570
"139","222 SEWARD 34TH RAMP","Baltimore Paints Consolidated","MD","Baltimore",8,21222
"140","382 FLORENCE CIRCLE","Donahue Solubles of West Virginia","WV","Huntington",9,25700
"141","454 WINDJAMMER CIRCLE","Unlimited Wholesale of Ohio","OH","Rowsburg",15,44866
"142","454 WINDJAMMER CIRCLE","Unlimited Wholesale of Ohio","OH","Rowsburg",15,44866
"143","454 WINDJAMMER CIRCLE","Unlimited Wholesale of Ohio","OH","Rowsburg",15,44866
"144","1105 OLSON CIRCLE","Leal Decor Workshop","PA","Lake Lynn",3,15439
"145","1404 SEWARD NB ON TUDOR RAMP","Rivera Decor Partners","MI","Orchard Lake",22,48324
"146","632 GLENN NB ON MULDOON RAMP","Watkins Wholesale Warehouse","MA","Westfield",14,1086
"147","1492 AUSTIN AVENUE","Internation Solvents of Virginia","VA","Cross Jct",21,22625
"148","454 WINDJAMMER CIRCLE","Unlimited Wholesale of Ohio","OH","Rowsburg",15,44866
"149","1174 SPRUCEWOOD STREET","Ledbetter Chemical of Vermont","VT","Brimstone Corners",18,5761
"150","1353 STEPHEN CIRCLE","Linden Consolidated","MI","Linden",17,48451
"151","1777 EASTWIND COURT","Pine Hill Chemical Warehouse","PA","Pine Hill",6,17901
"152","1618 CARIN PLACE","National Solubles Partners","NC","Newport",16,28570
"153","1278 STORMY PLACE","Ripley Warehouse","TN","Ripley",4,38063
"154","527 ELDERBERRY STREET","Irvington Wholesale Workshop","KY","Irvington",20,40146
"155","1492 AUSTIN AVENUE","Internation Solvents of Virginia","VA","Cross Jct",21,22625
"156","1404 SEWARD NB ON TUDOR RAMP","Rivera Decor Partners","MI","Orchard Lake",22,48324
"157","1492 AUSTIN AVENUE","Internation Solvents of Virginia","VA","Cross Jct",21,22625
"158","454 WINDJAMMER CIRCLE","Unlimited Wholesale of Ohio","OH","Rowsburg",15,44866
"159","1492 AUSTIN AVENUE","Internation Solvents of Virginia","VA","Cross Jct",21,22625
"160","1874 LAWLOR CIRCLE","S Plymouth Solubles Workshop","NY","S Plymouth",19,13844
"161","1404 SEWARD NB ON TUDOR RAMP","Rivera Decor Partners","MI","Orchard Lake",22,48324
"162","377 LONGHORN STREET","Warren Paints Consolidated","VT","Beebe Plain",2,5823
"163","1777 EASTWIND COURT","Pine Hill Chemical Warehouse","PA","Pine Hill",6,17901
"164","1492 AUSTIN AVENUE","Internation Solvents of Virginia","VA","Cross Jct",21,22625
"165","200 AERO AVENUE","Boykin Chemical Workshop","VA","Arlington",13,22218
"166","454 WINDJAMMER CIRCLE","Unlimited Wholesale of Ohio","OH","Rowsburg",15,44866
"167","632 GLENN NB ON MULDOON RAMP","Watkins Wholesale Warehouse","MA","Westfield",14,1086
"168","1404 SEWARD NB ON TUDOR RAMP","Rivera Decor Partners","MI","Orchard Lake",22,48324
"169","454 WINDJAMMER CIRCLE","Unlimited Wholesale of Ohio","OH","Rowsburg",15,44866
"170","355 WILDWOOD DRIVE","International Decor Partners","FL","South Miami",12,33143
"171","1492 AUSTIN AVENUE","Internation Solvents of Virginia","VA","Cross Jct",21,22625
"172","454 WINDJAMMER CIRCLE","Unlimited Wholesale of Ohio","OH","Rowsburg",15,44866
"173","1185 BIGLERVILLE CIRCLE","National Wholesale Consolidated","VT","Sweek Hollow",5,5483
"174","1874 LAWLOR CIRCLE","S Plymouth Solubles Workshop","NY","S Plymouth",19,13844
"175","1404 SEWARD NB ON TUDOR RAMP","Rivera Decor Partners","MI","Orchard Lake",22,48324
"176","454 WINDJAMMER CIRCLE","Unlimited Wholesale of Ohio","OH","Rowsburg",15,44866
"177","1492 AUSTIN AVENUE","Internation Solvents of Virginia","VA","Cross Jct",21,22625
"178","454 WINDJAMMER CIRCLE","Unlimited Wholesale of Ohio","OH","Rowsburg",15,44866
"179","222 SEWARD 34TH RAMP","Baltimore Paints Consolidated","MD","Baltimore",8,21222
"180","527 ELDERBERRY STREET","Irvington Wholesale Workshop","KY","Irvington",20,40146
"181","1404 SEWARD NB ON TUDOR RAMP","Rivera Decor Partners","MI","Orchard Lake",22,48324
"182","1777 EASTWIND COURT","Pine Hill Chemical Warehouse","PA","Pine Hill",6,17901
"183","1404 SEWARD NB ON TUDOR RAMP","Rivera Decor Partners","MI","Orchard Lake",22,48324
"184","454 WINDJAMMER CIRCLE","Unlimited Wholesale of Ohio","OH","Rowsburg",15,44866
"185","1404 SEWARD NB ON TUDOR RAMP","Rivera Decor Partners","MI","Orchard Lake",22,48324
"186","1777 EASTWIND COURT","Pine Hill Chemical Warehouse","PA","Pine Hill",6,17901
"187","1951 WEST 28TH COURT","Super Solubles of Pennsylvania","PA","Laporte",11,18626
"188","1492 AUSTIN AVENUE","Internation Solvents of Virginia","VA","Cross Jct",21,22625
"189","200 AERO AVENUE","Boykin Chemical Workshop","VA","Arlington",13,22218
"190","1286 RICHARD EVELYN BYRD STREET","Kenny Paints Workshop","MI","Grand Ledge",7,48837
"191","1353 STEPHEN CIRCLE","Linden Consolidated","MI","Linden",17,48451
"192","1286 RICHARD EVELYN BYRD STREET","Kenny Paints Workshop","MI","Grand Ledge",7,48837
"193","1105 OLSON CIRCLE","Leal Decor Workshop","PA","Lake Lynn",3,15439
"194","1353 STEPHEN CIRCLE","Linden Consolidated","MI","Linden",17,48451
"195","1492 AUSTIN AVENUE","Internation Solvents of Virginia","VA","Cross Jct",21,22625
"196","1278 STORMY PLACE","Ripley Warehouse","TN","Ripley",4,38063
"197","1105 OLSON CIRCLE","Leal Decor Workshop","PA","Lake Lynn",3,15439
"198","1404 SEWARD NB ON TUDOR RAMP","Rivera Decor Partners","MI","Orchard Lake",22,48324
"199","1618 CARIN PLACE","National Solubles Partners","NC","Newport",16,28570
"200","632 GLENN NB ON MULDOON RAMP","Watkins Wholesale Warehouse","MA","Westfield",14,1086
"201","1353 STEPHEN CIRCLE","Linden Consolidated","MI","Linden",17,48451
"202","1492 AUSTIN AVENUE","Internation Solvents of Virginia","VA","Cross Jct",21,22625
"203","454 WINDJAMMER CIRCLE","Unlimited Wholesale of Ohio","OH","Rowsburg",15,44866
"204","377 LONGHORN STREET","Warren Paints Consolidated","VT","Beebe Plain",2,5823
"205","1404 SEWARD NB ON TUDOR RAMP","Rivera Decor Partners","MI","Orchard Lake",22,48324
"206","1625 BAY VIEW DRIVE","Mt Blanchard Solvents Supplies","OH","Mt Blanchard",1,45867
"207","1404 SEWARD NB ON TUDOR RAMP","Rivera Decor Partners","MI","Orchard Lake",22,48324
"208","377 LONGHORN STREET","Warren Paints Consolidated","VT","Beebe Plain",2,5823
"209","454 WINDJAMMER CIRCLE","Unlimited Wholesale of Ohio","OH","Rowsburg",15,44866
"210","1618 CARIN PLACE","National Solubles Partners","NC","Newport",16,28570
"211","355 WILDWOOD DRIVE","International Decor Partners","FL","South Miami",12,33143
"212","1185 BIGLERVILLE CIRCLE","National Wholesale Consolidated","VT","Sweek Hollow",5,5483
"213","1353 STEPHEN CIRCLE","Linden Consolidated","MI","Linden",17,48451
"214","1839 DEMEURE PLACE","Lambert Decor of New Hampshire","NH","Brookfield",10,3872
"215","1174 SPRUCEWOOD STREET","Ledbetter Chemical of Vermont","VT","Brimstone Corners",18,5761
"216","382 FLORENCE CIRCLE","Donahue Solubles of West Virginia","WV","Huntington",9,25700
"217","1185 BIGLERVILLE CIRCLE","National Wholesale Consolidated","VT","Sweek Hollow",5,5483
"218","1492 AUSTIN AVENUE","Internation Solvents of Virginia","VA","Cross Jct",21,22625
"219","1777 EASTWIND COURT","Pine Hill Chemical Warehouse","PA","Pine Hill",6,17901
"220","377 LONGHORN STREET","Warren Paints Consolidated","VT","Beebe Plain",2,5823
"221","1286 RICHARD EVELYN BYRD STREET","Kenny Paints Workshop","MI","Grand Ledge",7,48837
"222","1404 SEWARD NB ON TUDOR RAMP","Rivera Decor Partners","MI","Orchard Lake",22,48324
"223","1492 AUSTIN AVENUE","Internation Solvents of Virginia","VA","Cross Jct",21,22625
"224","1618 CARIN PLACE","National Solubles Partners","NC","Newport",16,28570
"225","1404 SEWARD NB ON TUDOR RAMP","Rivera Decor Partners","MI","Orchard Lake",22,48324
"226","1492 AUSTIN AVENUE","Internation Solvents of Virginia","VA","Cross Jct",21,22625
"227","1278 STORMY PLACE","Ripley Warehouse","TN","Ripley",4,38063
"228","1951 WEST 28TH COURT","Super Solubles of Pennsylvania","PA","Laporte",11,18626
"229","632 GLENN NB ON MULDOON RAMP","Watkins Wholesale Warehouse","MA","Westfield",14,1086
"230","1492 AUSTIN AVENUE","Internation Solvents of Virginia","VA","Cross Jct",21,22625
"231","1625 BAY VIEW DRIVE","Mt Blanchard Solvents Supplies","OH","Mt Blanchard",1,45867
"232","1286 RICHARD EVELYN BYRD STREET","Kenny Paints Workshop","MI","Grand Ledge",7,48837
"233","1618 CARIN PLACE","National Solubles Partners","NC","Newport",16,28570
"234","1492 AUSTIN AVENUE","Internation Solvents of Virginia","VA","Cross Jct",21,22625
"235","1185 BIGLERVILLE CIRCLE","National Wholesale Consolidated","VT","Sweek Hollow",5,5483
"236","1105 OLSON CIRCLE","Leal Decor Workshop","PA","Lake Lynn",3,15439
"237","454 WINDJAMMER CIRCLE","Unlimited Wholesale of Ohio","OH","Rowsburg",15,44866
"238","454 WINDJAMMER CIRCLE","Unlimited Wholesale of Ohio","OH","Rowsburg",15,44866
"239","1404 SEWARD NB ON TUDOR RAMP","Rivera Decor Partners","MI","Orchard Lake",22,48324
"240","454 WINDJAMMER CIRCLE","Unlimited Wholesale of Ohio","OH","Rowsburg",15,44866
"241","382 FLORENCE CIRCLE","Donahue Solubles of West Virginia","WV","Huntington",9,25700
"242","1404 SEWARD NB ON TUDOR RAMP","Rivera Decor Partners","MI","Orchard Lake",22,48324
"243","1404 SEWARD NB ON TUDOR RAMP","Rivera Decor Partners","MI","Orchard Lake",22,48324
"244","454 WINDJAMMER CIRCLE","Unlimited Wholesale of Ohio","OH","Rowsburg",15,44866
"245","200 AERO AVENUE","Boykin Chemical Workshop","VA","Arlington",13,22218
"246","454 WINDJAMMER CIRCLE","Unlimited Wholesale of Ohio","OH","Rowsburg",15,44866
"247","1185 BIGLERVILLE CIRCLE","National Wholesale Consolidated","VT","Sweek Hollow",5,5483
"248","1404 SEWARD NB ON TUDOR RAMP","Rivera Decor Partners","MI","Orchard Lake",22,48324
"249","1492 AUSTIN AVENUE","Internation Solvents of Virginia","VA","Cross Jct",21,22625
"250","1105 OLSON CIRCLE","Leal Decor Workshop","PA","Lake Lynn",3,15439
"251","1951 WEST 28TH COURT","Super Solubles of Pennsylvania","PA","Laporte",11,18626
"252","1492 AUSTIN AVENUE","Internation Solvents of Virginia","VA","Cross Jct",21,22625
